Title,Label
নেত্রকোনায় স্ত্রীকে কুপিয়ে হত্যার পর স্বামীর আত্মহত্যা,relation
মা-ভাইয়ের সঙ্গে বিরোধে স্ত্রী ও দুই সন্তানকে নিয়ে আত্মহত্যা,relation
রাঙামাটিতে বিচারকের স্ত্রীর মরদেহ উদ্ধার,relation
"সংসার করা নিয়ে আদালতে স্বামী–স্ত্রীর ঝগড়া, শাড়িতে আগুন দিয়ে আত্মহত্যার চেষ্টা",relation
"নাতির বিয়ের দিনে দাদার ‘আত্মহত্যা’, আনন্দের বাড়িতে বিষাদের ছায়া",relation
"ক্যানসারের চিকিৎসায় অর্থের অপচয় চান না, তাই স্ত্রীকে হত্যার পর আত্মহত্যা করলেন ব্যবসায়ী",relation
শ্বশুরবাড়ির লোকজনের ভয়ে স্ত্রীর লাশবাহী অ্যাম্বুলেন্স নিয়ে থানায় তরুণ,relation
নেত্রকোনায় গাছে একই রশিতে ঝুলছিল স্বামী-স্ত্রীর লাশ,relation
"ঘরে যুবকের ঝুলন্ত লাশ, বিছানায় স্ত্রী-সন্তানের মরদেহ",relation
স্ত্রীকে ফোনে রেখে ‘বিদায়’ বলে ট্রেনের নিচে ঝাঁপ দিলেন যুবক,relation
স্ত্রীকে ছুরিকাঘাতে হত্যার পর বিষপানে স্বামীর ‘আত্মহত্যা’,relation
গাজীপুরে ছাদ থেকে পড়ে শ্রমিকের মৃত্যু: আত্মহত্যার প্ররোচনার মামলায় স্বামী গ্রেপ্তার,relation
"এক ঘরে পড়ে ছিল স্বামীর মরদেহ, আরেক ঘরে ঝুলছিল স্ত্রীর লাশ",relation
স্ত্রী আত্মহত্যা করেছেন বলে প্রতিবেশীদের খবর দিয়ে পালালেন স্বামী,relation
"ঘরের মেঝেতে পড়ে ছিল গৃহবধূর মরদেহ, অন্য ঘরে আড়ায় ঝুলছিল স্বামীর মরদেহ",relation
"মেঝেতে পড়ে ছিল অন্তঃসত্ত্বা স্ত্রীর রক্তাক্ত লাশ, ওড়নায় ঝুলছিলেন স্বামী",relation
"আমিষ খাবার না খেতে প্রেমিকের চাপ, মুম্বাইয়ে নারী পাইলটের ‘আত্মহত্যা’",relation
"ভৈরবে শোবার ঘরে পড়ে ছিল স্ত্রী-সন্তানদের লাশ, ফ্যানে ঝুলছিলেন গৃহকর্তা",relation
"স্বামীর মুঠোফোনে সাবেক প্রেমিকের খুদে বার্তা, আত্মহত্যা নববধূর",relation
"স্ত্রীর সঙ্গে ঝগড়া, দুই দিন ধরে বাড়িতে ঝুলছিল ইউপি চেয়ারম্যানের লাশ",relation
স্ত্রী ও দুই সন্তানকে ভিডিও কলে রেখে সৌদিপ্রবাসীর আত্মহত্যার ২২ দিন পর এল লাশ,relation
"স্বামীর দ্বিতীয় বিয়ে, মেয়েকে হত্যার পর অন্তঃসত্ত্বা মায়ের ‘আত্মহত্যা’",relation
"স্ত্রীর বিরুদ্ধে পরকীয়ার অভিযোগ, ভাইকে পিটিয়ে হত্যার পর ‘আত্মহত্যা’",relation
"ঢাকা বিশ্ববিদ্যালয়ের শিক্ষকের স্ত্রীর মৃত্যু
ময়নাতদন্তে হত্যাকাণ্ড, পিবিআইয়ের প্রতিবেদনে আত্মহত্যা",relation
"ফিরে দেখা
সস্ত্রীক আত্মহত্যার আগে যে দুটি কাজ করেছিলেন হিটলার",relation
শ্বশুরবাড়ি থেকে স্ত্রীকে ফেরত আনতে না পেরে তরুণের ‘আত্মহত্যা’,relation
"‘আমার স্বামী নিজের সন্তানকে হত্যা করবেন, কল্পনাও করিনি’",relation
"প্রেমের বিয়ে
কলেজছাত্রী স্ত্রীর মরদেহ উদ্ধার, সহপাঠী স্বামী কারাগারে",relation
"স্ত্রীকে কুপিয়ে স্বামীর আত্মহত্যার চেষ্টা, আশঙ্কাজনক অবস্থায় দুজনই হাসপাতালে",relation
"বাজিতে হেরেছেন স্বামী, পাওনাদারদের যন্ত্রণায় আত্মহত্যা করলেন স্ত্রী",relation
"প্রেমিকের আত্মহত্যা, তবু মায়ামি ওপেনে খেলবেন সাবালেঙ্কা",relation
সবাইকে জানিয়েও লাভ হয়নি - অবন্তিকার মা,relation
"অবন্তিকার মায়ের আহাজারি
‘এক বছরের মধ্যে স্বামী ও মেয়ে চলে গেল’",relation
"তিন সন্তানসহ মায়ের বিষপান
সংকটাপন্ন বড় মেয়ে ও স্ত্রীকে নিয়ে দুশ্চিন্তায় টিটো",relation
"মেঝেতে নারীর নিথর দেহ, ফ্যানের সঙ্গে ঝুলছিল সাবেক স্বামীর লাশ",relation
প্রেমিকার আত্মহত্যার পর গ্রেপ্তার ‘পুষ্পা’ অভিনেতা,relation
"ব্রাহ্মণবাড়িয়ায় কীটনাশক খেয়ে উপসহকারী কৃষি কর্মকর্তার মৃত্যু, স্বামী লাপাত্তা",relation
প্রবাসী স্বামীর সঙ্গে ভিডিও কলে কথা–কাটাকাটির পর গৃহবধূর ঝুলন্ত লাশ উদ্ধার,relation
রামপুরায় স্বামী–স্ত্রীর লাশ একই সিলিং ফ্যানের হুকে ঝুলছিল,relation
"গাবতলীতে গৃহবধূকে বেঁধে মধ্যরাত পর্যন্ত নির্যাতন, লজ্জায় স্বামীর ‘আত্মহত্যা’",relation
"আত্মহত্যার প্ররোচনার দায়ে স্বামী, শাশুড়ি ও ননদকে ১০ বছর করে কারাদণ্ড",relation
"আক্কেলপুরে একই ওড়নায় ঝুলছিল স্বামী-স্ত্রীর লাশ, ধারণা আত্মহত্যা",relation
নরসিংদীতে পারিবারিক কলহের জেরে স্ত্রীকে ছুরিকাঘাতের পর স্বামীর আত্মহত্যা,relation
‘প্রেমিকের মায়ের বকুনির’ পর কলেজছাত্রীর ঝুলন্ত লাশ উদ্ধার,relation
ব্রাহ্মণবাড়িয়ায় অধ্যক্ষের মৃত্যুতে তাঁর স্ত্রী-সন্তান ও পাওনাদারের বিরুদ্ধে আত্মহত্যায় প্ররোচণার মামলা,relation
"চট্টগ্রামে শিক্ষানবিশ আইনজীবীর মৃত্যু, স্ত্রী আটক",relation
"পিস্তল দেখিয়ে স্ত্রীকে আত্মহত্যার হুমকি, পরে পুলিশে সোপর্দ করলেন শ্বশুর",relation
"নরসিংদীর মনোহরদী
বিয়ের প্রস্তাব প্রত্যাখ্যান করায় প্রেমিকার বাড়িতে তরুণের আত্মহত্যা",relation
"দগ্ধ সেই নারীর মৃত্যু, স্বামী বললেন, মাছ কাটা নিয়ে ঝগড়ার পর চড় মেরেছিলেন তিনি",relation
মনোমালিন্যের পর প্রেমিককে ভিডিও কলে রেখে ছাত্রীর আত্মহত্যা,relation
"ভিডিও কলে রেখে গলায় ফাঁস লাগিয়ে স্ত্রীর মৃত্যু, দাবি স্বামীর",relation
"জুড়ীতে গৃহবধূর লাশ উদ্ধার, আত্মহত্যায় প্ররোচনার অভিযোগে স্বামী গ্রেপ্তার",relation
ঢাকার রমনায় কর কমিশনারের স্ত্রীর ‘আত্মহত্যা’,relation
"মগবাজারের বাসায় নারীর গলিত লাশ, সাংবাদিক স্বামীর আচরণ ‘রহস্যজনক’",relation
ওড়নার দুই প্রান্তে ঝুলছিল সদ্য বিবাহিত স্বামী ও স্ত্রীর লাশ,relation
হবিগঞ্জে বিয়ের ১৩ দিনের মাথায় নবদম্পতির বিষপানে ‘আত্মহত্যা’,relation
স্বামী হত্যাকাণ্ডের ৯ মাস পর স্ত্রীর ঝুলন্ত লাশ উদ্ধার,relation
"মিরসরাইয়ে গৃহবধূর ঝুলন্ত লাশ, আত্মহত্যার প্ররোচনার অভিযোগে স্বামী গ্রেপ্তার",relation
"নলডাঙ্গা আওয়ামী লীগ
স্ত্রীর আত্মহত্যায় প্ররোচনার অভিযোগে দল থেকে বহিষ্কার",relation
অভিনেত্রী বৈশালীর আত্মহত্যা: সাবেক প্রেমিক গ্রেপ্তার,relation
মোহাম্মদপুরে বাসা থেকে স্বামী–স্ত্রীর মরদেহ উদ্ধার,relation
"চার মেয়ের জন্ম দেওয়ায় স্বামীর ‘নির্যাতন’, গৃহবধূর ‘আত্মহত্যা’",relation
সিনেমাটি জীবনকে ভালোবাসার পথ দেখায়,relation
"বিয়ের ১৮ দিন পর গৃহবধূর মৃত্যু, মামলা না নেওয়ার অভিযোগে পরিবারের মানববন্ধন",relation
আত্রাইয়ে স্বামী–স্ত্রীর ঝুলন্ত লাশ উদ্ধার,relation
পুলিশ কর্মকর্তা স্বামীকে ভিডিও কলে রেখে স্ত্রীর আত্মহত্যা,relation
"গায়ে আগুন দিয়ে ব্যবসায়ীর আত্মহত্যা
বেশি লাভের প্রলোভনে লিখিত চুক্তি ছাড়াই হেনোলাক্সে বিনিয়োগ",relation
স্বামীর দ্বিতীয় বিয়ের খবর শুনে ট্রেনের নিচে ঝাঁপ দিয়ে আত্মহত্যা,relation
স্বামীর ফ্ল্যাট থেকে বিশ্ববিদ্যালয়ের শিক্ষার্থীর লাশ উদ্ধার,relation
"রাজধানীতে কেরোসিন ঢেলে গৃহবধূর গায়ে আগুন, স্বামী আটক",relation
"বদরগঞ্জে গৃহবধূর গলাকাটা লাশ উদ্ধার, স্বামী আটক",relation
অভিনেত্রী পল্লবীকে হত্যার অভিযোগ প্রেমিকের বিরুদ্ধে মামলা দায়ের,relation
"ব্যক্তিগত মুহূর্তের ছবি ছড়ালেন প্রেমিক, লোহাগড়ায় তরুণীর ‘আত্মহত্যা’",relation
"গৃহবধূর ঝুলন্ত লাশ, আত্মহত্যা প্ররোচনার মামলায় স্বামী গ্রেপ্তার",relation
"গৃহবধূর লাশ নিয়ে বিক্ষোভ, আত্মহত্যায় প্ররোচনার অভিযোগে এসআই স্বামীর শাস্তির দাবি",relation
বরিশালে কলেজছাত্রীর ‘রহস্যজনক’ মৃত্যুতে স্বামীর বিরুদ্ধে মামলা,relation
"স্ত্রীকে হত্যার পর ৯৯৯–এ ফোন করে বললেন, ‘স্যার, ও আত্মহত্যা করেছে, তাড়াতাড়ি আসুন’",relation
"মতামত
ক্ষুধা, প্রতারণা, আত্মহত্যা কেন পুঁজিবাদী ব্যবস্থার অবিচ্ছেদ্য অংশ",relation
স্বামীর সঙ্গে অভিমান করে স্ত্রীর আত্মহত্যার অভিযোগ,relation
বাল্যবিয়ের দেড় মাসের মাথায় জীবন গেল স্কুলছাত্রী সম্পার,relation
"স্বামীর সঙ্গে অভিমান, ইঁদুরের বিষ খেয়ে মৃত্যু",relation
গৃহবধূকে আত্মহত্যার প্ররোচনার মামলায় স্বামী গ্রেপ্তার,relation
আত্মহত্যার প্ররোচনার মামলায় স্বামী গ্রেপ্তার,relation
রাঙ্গুনিয়ায় ঘরে স্বামী–স্ত্রীর ঝুলন্ত লাশ,relation
‘বোনটারে কই যে বিয়ে দিছিলাম’,relation
"ঘরে নুসরাতের মরদেহ, পালিয়েছেন ‘পুলিশ পরিচয়’ দেওয়া স্বামী",relation
"মোরশেদের আত্মহত্যা ‌আমার দৃষ্টিতে মার্ডার, ফোর্স ডেথ: স্ত্রী ইশরাত",relation
"ঘরে সন্তানসম্ভবা স্ত্রী, রিকশা পুলিশের রেকারে, চালকের আত্মহত্যার চেষ্টা",relation
"করোনা যোদ্ধা দম্পতি
স্বামীর পাওনা টাকা না পেয়ে স্ত্রীর আত্মহত্যা",relation
আত্মঘাতী অভিনেত্রী চিত্রার স্বামী গ্রেপ্তার,relation
"স্ত্রী সঙ্গে যেতে রাজি নয়, আদালত চত্বরে নিজের বুকে ছুরি চালালেন স্বামী",relation
আত্মহত্যায় সম্পর্কের ভূমিকা,relation
"স্ত্রীকে হত্যার পর স্বামীর আত্মহত্যা, ধারণা পুলিশের",relation
গাজীপুরে একই ঘরে স্বামী-স্ত্রী ও মেয়ের লাশ,relation
"পিৎজা-কোল্ড ড্রিংকস অর্ডার দিয়ে তরুণীর আত্মহত্যা, নেপথ্যে প্রেমিক!",relation
প্রেমিকের সঙ্গে ঝগড়ার জেরে ফাঁস নিলেন তরুণী,relation
"পরকীয়ার জের / লাইভে এসে স্বামীর আত্মহত্যা, ৪৪ মিনিট ধরে দেখেন স্ত্রী-শাশুড়ি!",relation
অন্তঃসত্ত্বা স্ত্রীকে কুপিয়ে হত্যার পর স্বামীর আত্মহত্যা!,relation
"মেসের সামনে প্রেমিক, ভিডিও কলে রেখেই কলেজছাত্রীর আত্মহত্যা",relation
"এত সুশীলতা দেখিয়ে লাভ নেই, ধর্ষণ ইস্যুতে সারজিস",relation
নীতিনকে নিয়ে হৃদয়বিদারক তথ্য দিলেন অভিনেতার স্ত্রী!,relation
"নিরামিষ খেতে বাধ্য করেন প্রেমিক, পাইলটের ‘আত্মহত্যা’",relation
‌‘শাশুড়ি দেখে ফেলায়’ প্রেমিককে নিয়ে গলায় ফাঁস নিলেন গৃহবধূ,relation
রামপুরায় স্বামী-স্ত্রীর ঝুলন্ত মরদেহ উদ্ধার,relation
"জুয়ায় আসক্ত স্বামী, অভিমানে গৃহবধূর আত্মহত্যা!",relation
প্রেমিকের মৃত্যুর খবরে প্রেমিকার আত্মহত্যা!,relation
গাজীপুরে স্ত্রী-সন্তানকে হত্যার পর স্বামীর আত্মহত্যা,relation
বিয়ে না করায় আদালতে এসে নারীর আত্মহত্যার চেষ্টা!,relation
"স্বামীর মরদেহের বুকে লিখা ‘সরি জান আই লাভ ইউ’, পাশেই স্ত্রীর নিথর দেহ",relation
"ব্রাহ্মণবাড়িয়া / সংসারে অভাব-অনটন, দুঃখে একসঙ্গে স্বামী-স্ত্রীর আত্মহত্যা",relation
"সালিশে ‘প্রেমিকের’ ভাইয়ের সঙ্গে বিয়ের সিদ্ধান্ত, ‘অভিমানে’ আত্মহত্যা স্কুলছাত্রীর",relation
"ভিডিওকলে প্রেমিক-প্রেমিকার ‘আত্মহত্যা’, চিরকুটে একসঙ্গে দাফনের আকুতি",relation
খুলনায় স্ত্রীকে পিটিয়ে হত্যার পর স্বামীর আত্মহত্যা,relation
জামালপুরে স্ত্রী তালাক দেয়ায় এলজিইডি কর্মচারীর আত্মহত্যা,relation
"টিকটক নিয়ে দাম্পত্য কলহ, স্ত্রীর আত্মহত্যার পর স্বামীরও আত্মহত্যাচেষ্টা",relation
স্ত্রীর ডিভোর্স লেটার পেয়েই স্বামীর আত্মহত্যা,relation
‘স্ত্রী ও শ্বশুরবাড়ির লোকজন প্রচণ্ড অত্যাচার করত’: সুইসাইড নোট লিখে দিল্লির ক্যাফে মালিকের আত্মহত্যা,relation
দুই সন্তানকে হত্যার পর স্বামী-স্ত্রীর আত্মহত্যা!,relation
"সৎমা দিলেন বিয়ে, পরদিনই কিশোরী বধূর ঝুলন্ত মরদেহ উদ্ধার",relation
"কোরবানির মাংস না পেয়ে বকুনি, স্ত্রীর ‘আত্মহত্যা’",relation
১১ ঘণ্টার ব্যবধানে প্রবাসীর স্ত্রী ও প্রতিবেশী কলেজছাত্রের আত্মহত্যা,relation
বিয়ের ১৯ দিনেই লাশ গৃহবধূ,relation
মোবাইল কিনে না দেওয়ায় অভিমানে স্ত্রীর আত্মহত্যা,relation
প্রবাসী স্বামীকে ভিডিও কলে রেখে গলায় ফাঁস দিলেন স্ত্রী,relation
স্ত্রীকে গলা কেটে হত্যার পর স্বামীর আত্মহত্যার চেষ্টা,relation
"‘বিয়ের গোসলটাও পেলাম না, শেষ গোসলটাও পাব না’",relation
সাবেক স্ত্রীর বিয়ের খবরে গলায় ফাঁস নিল তরুণ,relation
"যুবকের মৃত্যু নিয়ে রহস্য, বাবার দাবি হত্যা, স্ত্রী বলছেন আত্মহত্যা",relation
স্ত্রী-সন্তান ঘুমে রেখে ফাঁস দিয়ে ‘আত্মহত্যা’,relation
"ভিডিও কলে রেখে প্রেমিকের আত্মহত্যা, গৃহবধূকে গাছে বেঁধে রাখলেন এলাকাবাসী",relation
"প্রেমিকার অন্যত্র প্রেম, অভিমানে ৬০ বছরের প্রেমিকের ‘আত্মহত্যা’",relation
প্রেমিকাকে ভিডিও কলে রেখে কলেজছাত্রের আত্মহত্যা,relation
"মোবাইল ফোন ফিরিয়ে নিল প্রেমিক, কিশোরীর আত্মহত্যা",relation
কুমিল্লায় একই কক্ষে পড়ে ছিল স্বামী-স্ত্রীর মরদেহ,relation
গাজীপুরে ফ্ল্যাট থেকে স্বামী-স্ত্রীর মরদেহ উদ্ধার,relation
"স্ত্রীর সঙ্গে ঝগড়া, ভাড়া বাসা থেকে তিন দিন পর ইউপি চেয়ারম্যানের লাশ উদ্ধার",relation
"৪ বছর প্রেমের পর বিয়ে, গায়ে হলুদের দিন কনের আত্মহত্যা",relation
আড়ায় ঝুলছিল প্রবাসীর স্ত্রীর লাশ,relation
প্রেমিক-প্রেমিকার ঝুলন্ত মরদেহ উদ্ধার,relation
‘বউয়ের অত্যাচার সহ্য করতে না পরে চলে গেলাম’ চিরকুট লিখে স্বামীর আত্মহত্যা,relation
স্ত্রী বাড়ি না ফেরায় অভিমানে গলায় ফাঁস নিলেন স্বামী!,relation
"ভিডিওতে নির্যাতনের বর্ণনা দিয়ে গৃহবধূর আত্মহত্যা, স্বামী কারাগারে",relation
স্ত্রী হিসেবে স্বীকৃতি না পেয়ে গলায় ফাঁস,relation
বিয়ের আশ্বাস দিয়ে ছেলেকে ভাগিয়ে দেওয়ায় তরুণীর আত্মহত্যা,relation
"স্বামীর আত্মহত্যা, পুলিশকে যা বললেন মালাইকার মা!",relation
"আড়ায় ঝুলছিল স্বামীর লাশ, বিছানায় স্ত্রীর নিথর দেহ",relation
পাশাপাশি ঝুলছিল ‘প্রেমিক’ ও গৃহবধূ,relation
জনসমক্ষে হয়রানি ও জোর করে নিরামিষ খাওয়ানোর জেরে প্রেমিকার ‘আত্মহত্যা’,relation
"১ কোটি রুপির দেনায় জুয়াড়ি, ফাঁস নিলেন স্ত্রী",relation
"মৃত্যুর আগে তরুণীর অডিও বার্তা, ‘ভালো থেকো, বিয়ে করে নিও’",relation
ঝুলন্ত স্ত্রীকে নামিয়ে মৃত ভেবে স্বামীর ‘আত্মহত্যা’,relation
নিজেই নিজেকে বিয়ে করা সেই কুবরার মরদেহ উদ্ধার,relation
"শ্বশুরবাড়ি থেকে জামাতার পেট-গলাকাটা মরদেহ উদ্ধার, আহত স্ত্রী",relation
"রাতে তৃতীয় স্ত্রীর গলাকেটে হত্যাচেষ্টা, সকালে স্বামীর ঝুলন্ত মরদেহ উদ্ধার",relation
কুমিল্লায় স্ত্রীকে হত্যার পর স্বামীর আত্মহত্যা,relation
"চার বছরের প্রেম, বিয়ের ১৫ দিনেই হলেন লাশ",relation
স্ত্রীকে পিটিয়ে হত্যার পর স্বামীর আত্মহত্যা,relation
বেনাপোলে স্ত্রীকে হত্যার পর স্বামীর আত্মহত্যা,relation
‘প্রেমিকার বিয়ের’ খবরে প্রেমিকের আত্মহত্যা,relation
স্ত্রীকে ভিডিও কলে রেখে সিলিং ফ্যানে ফাঁস নিলেন স্বামী,relation
প্রেমিকের ছোট ভাইয়ের সঙ্গে বিয়ের সিদ্ধান্তে স্কুলছাত্রীর আত্মহত্যা,relation
"ঘরে ঢুকে প্রাক্তন স্ত্রীকে ছুরিকাঘাতে হত্যা, পরে আত্মহত্যা",relation
"দিনে স্ত্রী-কন্যাকে রেখে আসেন শ্বশুরবাড়ি, রাতে হলেন লাশ",relation
স্ত্রীর সঙ্গে অভিমান করে তরুণের ‘আত্মহত্যা’,relation
"বিয়ের দাবিতে প্রেমিকের বাড়িতে নারীর ‘আত্মহত্যা’, গ্রেপ্তার ২",relation
স্বামীকে ভিডিও কলে রেখে গলায় ফাঁস নিলেন স্ত্রী!,relation
স্ত্রীর পর আত্মহত্যা করলেন স্বামীও,relation
‘পাখি তুমি বেঈমান’ পোস্ট দিয়ে প্রেমিকার উপহারের পোশাক পরে তরুণের আত্মহত্যা,relation
"বাড়ি যেতে না পেরে স্ত্রীর আত্মহত্যা, স্বামী আটক",relation
"আত্মহত্যা করেছেন থর্প, নিশ্চিত করল তার স্ত্রী",relation
"মহারাষ্ট্রে ৩ মাসে ৭৬৭ কৃষকের আত্মহত্যা, সংখ্যাটা কেন এত বেশি",finance
"ক্যানসারের চিকিৎসায় অর্থের অপচয় চান না, তাই স্ত্রীকে হত্যার পর আত্মহত্যা করলেন ব্যবসায়ী",finance
"হবিগঞ্জে দুই সন্তানকে নিয়ে ঋণগ্রস্ত বাবার বিষপান, তিনজনের মৃত্যু",finance
"ঋণদান প্রতিষ্ঠান কর্মীর ঝুলন্ত লাশ
‘ঋণের কিস্তি আদায়ে চাপ, বেতনের টাকাও কাটা হচ্ছিল’",finance
অতিরিক্ত চিন্তা পুরুষদের যে ক্ষতি ডেকে আনে,finance
"সালিসে মারধরের পর কৃষকের ‘আত্মহত্যা’, থানায় মামলা",finance
"পাওনা টাকার জন্য গৃহবধূকে দিনের পর দিন ধর্ষণ, বিষপানে ‘আত্মহত্যা’",finance
"পোস্টমাস্টারের টাকা আত্মসাৎ
জমানো টাকা না পেয়ে তানোর ডাকঘরে নারীর আত্মহত্যার চেষ্টা",finance
সবাইকে জানিয়েও লাভ হয়নি - অবন্তিকার মা,finance
ঋণের চাপে পিষ্ট ছিলেন দুই সন্তানকে বিষ খাইয়ে আত্মহত্যা করা সালমা বেগম,finance
প্রবাসী স্বামীর সঙ্গে ভিডিও কলে কথা–কাটাকাটির পর গৃহবধূর ঝুলন্ত লাশ উদ্ধার,finance
"সেচের জন্য কৃষকের বিষপান
ভুক্তভোগীর সঙ্গে কথা না বলায় আবার তদন্তের নির্দেশ",finance
"কৃষকের আত্মহত্যার চেষ্টা
পরিদর্শনে গিয়ে চৌচির জমি পেয়েছেন বিশিষ্টজনেরা",finance
পরিবার পরিকল্পনা অধিদপ্তরে লাশ উদ্ধার: ওই চিকিৎসা কর্মকর্তা বেতন পাচ্ছিলেন না,finance
"ঋণের কিস্তি দিতে না পারা
পাবনায় অপমানে আত্মহত্যার চেষ্টা করা সেই নারীর মৃত্যু",finance
"রান্না নিয়ে মায়ের সঙ্গে কথা-কাটাকাটি, অভিনেত্রী রুচিস্মিতার আত্মহত্যা",finance
ব্যবসায়ীকে ভবন থেকে ফেলে হত্যার পর আত্মহত্যা হিসেবে চালানোর চেষ্টা,finance
ঋণের চাপে হতাশাগ্রস্ত চা–দোকানির ঝুলন্ত মরদেহ উদ্ধার,finance
"ফিরে দেখা ২০২২: রাজশাহী অঞ্চল
দুই কৃষকের আত্মহত্যার ঘটনা ছিল আলোচনায়",finance
দরিদ্র বাবার কাছে বেতন–ফি না পেয়ে অভিমানে মাদ্রাসাছাত্রীর ‘আত্মহত্যা’,finance
"চিঠিপত্র
ঋণের চাপে আত্মহত্যা: সন্তানদের স্বপ্ন পূরণ করবে কে?",finance
সুদের টাকা দিতে না পেরে আত্মহত্যার ঘটনায় ‘সুদখোরদের’ গ্রেপ্তারের দাবি,finance
"এক লাখ টাকার জন্য সুদ-আসলে সাড়ে ছয় লাখ টাকা দাবি, যুবকের আত্মহত্যা",finance
"গায়ে আগুন দিয়ে ব্যবসায়ীর আত্মহত্যা
বেশি লাভের প্রলোভনে লিখিত চুক্তি ছাড়াই হেনোলাক্সে বিনিয়োগ",finance
"ব্যবসায়ীর আত্মহত্যা টাকা না পাওয়ার হতাশা, নাকি ‘ব্ল্যাকমেলিং’",finance
ফেসবুক পোস্টেও পাওনা টাকার কথা লিখেছিলেন গাজী আনিসুর,finance
"গায়ে আগুন দিয়ে ব্যবসায়ীর আত্মহত্যা
আমিন ম্যানুফ্যাকচারিং কোম্পানির এমডি ও পরিচালক গ্রেপ্তার",finance
প্রেসক্লাবের সামনে গায়ে আগুন দিয়ে ব্যবসায়ীর আত্মহত্যার চেষ্টা,finance
বাড়ির পাশে আমগাছে ঝুলছিল ব্যবসায়ীর মরদেহ,finance
সেচের পানি না পেয়ে কৃষক রবিও আত্মহত্যা করেন: অভিযোগপত্রে পুলিশ,finance
"এএলআরডির প্রতিবেদন
বিএমডিএর অনিয়ম-দুর্নীতির জেরে দুই কৃষকের আত্মহত্যা",finance
"দুই কৃষকের বিষপান
এক মাস পর স্বজনদের সঙ্গে দেখা করলেন বিএমডিএর চেয়ারম্যান",finance
"মতামত
দুই কৃষকের আত্মত্যাগের ঋণশোধ যেভাবে সম্ভব",finance
অন্তু রায়ের পরিবারকে ক্ষতিপূরণ দেওয়ার দাবি বাম ছাত্রসংগঠনগুলোর,finance
"দুই কৃষকের বিষপান
সাত সংগঠনের তথ্যানুসন্ধান, শাস্তির দাবিতে মানববন্ধন",finance
"সেচের জন্য বিষ পান করা কৃষকের জমি ফেটে চৌচির, নিয়েছিলেন মহাজনের ঋণ",finance
"দুই কৃষকের বিষপান
পুনঃতদন্তের দাবি ক্ষুদ্র জাতিগোষ্ঠীর মানুষদের",finance
"দুই কৃষকের আত্মহত্যা
অনিয়ম খুঁজে পেয়েছে দুই তদন্ত কমিটি",finance
বিষপানে মারা যাওয়া দুই কৃষকের স্বজনদের প্রতি সিপিবির সমবেদনা,finance
"দুই কৃষকের বিষপান
অপারেটর সাখাওয়াতকে জেলগেটে জিজ্ঞাসাবাদের অনুমতি",finance
"দুই কৃষকের বিষপান
তদন্তে পানি দেওয়ায় অনিয়ম পেয়েছে কমিটি",finance
দুই কৃষকের আত্মহত্যা: একমাত্র আসামি সাখাওয়াত গ্রেপ্তার,finance
দুই সাঁওতাল কৃষকের আত্মহত্যার প্ররোচনাদাতার বিচার দাবিতে দিনাজপুরে মানববন্ধন,finance
রাজশাহীতে দুই সাঁওতাল কৃষকের আত্মহত্যার প্ররোচনাকারীদের শাস্তি দাবি,finance
"বিশেষ সাক্ষাৎকার: অধ্যাপক চৌধুরী সারওয়ার জাহান
দুই কৃষকের মৃত্যু দীর্ঘ অনিয়মের বহিঃপ্রকাশ",finance
"বিষপানে দুই কৃষকের মৃত্যু
আসামি গ্রেপ্তার ও ওসির প্রত্যাহারের দাবিতে মানববন্ধন",finance
"সাঁওতাল কৃষকের আত্মহত্যা
বৈষম্যের অভিযোগ তদন্ত করুন",finance
"গোদাগাড়ীতে দুই কৃষকের মৃত্যু
জমির আগাছা দেখে চলছে বিষপানে মৃত্যুর তদন্ত",finance
"মতামত
দুই সাঁওতাল কৃষকের আত্মহত্যার দায় কে নেবে",finance
"২০২১ সালে সংবাদপত্রের চিত্র
শিশু ধর্ষণ ৩১ শতাংশ বেড়েছে, ৪৫,৪৮০ শিশু ক্ষতিগ্রস্ত",finance
"ফাঁসির মঞ্চ বানিয়ে কৃষকের আত্মহত্যা, প্ররোচনার অভিযোগে মামলা",finance
ব্যবসায়ী মহসিন খানের আত্মহত্যা: থানায় অপমৃত্যুর মামলা,finance
ব্যবসায়ী মহসিন ১৬ মিনিট কথা বলার পরেই...,finance
পরীক্ষার ফরম পূরণের টাকা পেতে দেরি হওয়ায় শিক্ষার্থীর আত্মহত্যা,finance
ঋণের দায় মেটাতে না পেরে সপরিবার আত্মহত্যার সিদ্ধান্ত,finance
কিশোরীকে আত্মহত্যার প্ররোচনার মামলায় ব্যবসায়ী রিমান্ডে,finance
চট্টগ্রামে ব্যাংকারের আত্মহত্যার মামলা তদন্তে পিবিআই,finance
ব্যাংকারের আত্মহত্যা: এক আসামি রিমান্ডে,finance
"ব্যাংকারের আত্মহত্যা
পরিবার দুষল হুইপপুত্র ও এক পুলিশ কর্মকর্তাকে",finance
"আইপিএল নিয়ে ঋণ করে বাজি, নিঃস্ব হয়ে আত্মহত্যার চেষ্টা",finance
"করোনা যোদ্ধা দম্পতি
স্বামীর পাওনা টাকা না পেয়ে স্ত্রীর আত্মহত্যা",finance
"পদ পেতে টাকা দাবির অভিযোগ
ফেসবুকে স্ট্যাটাস দিয়ে ছাত্রলীগের পদপ্রত্যাশী কর্মীর আত্মহত্যা",finance
পাওনা টাকা না পেয়ে ভাইয়ের দরজায় বিদেশফেরত বোনের আত্মহত্যা,finance
দেনার চাপে দুই সন্তানকে হত্যা করে বাবার আত্মহত্যা!,finance
হানিমুনে যাওয়ার টাকা না পেয়ে ট্রেনের নিচে প্রাণ দিলেন নবদম্পতি!,finance
"এত সুশীলতা দেখিয়ে লাভ নেই, ধর্ষণ ইস্যুতে সারজিস",finance
নির্মাণাধীন ভবনের ছাদ থেকে লাফিয়ে ব্যাংক কর্মকর্তার আত্মহত্যা,finance
"স্বামীর মরদেহের বুকে লিখা ‘সরি জান আই লাভ ইউ’, পাশেই স্ত্রীর নিথর দেহ",finance
"মায়ের চিকিৎসার টাকা জোগাড় করতে না পেরে ছেলের আত্মহত্যা, ধারণা পুলিশের",finance
‘বেতন না পাওয়ার হতাশায়’ ল্যাব সহকারীর আত্মহত্যা,finance
‘বন বিভাগের মামলার ভয়ে’ কৃষকের আত্মহত্যা,finance
"১ কোটি রুপির দেনায় জুয়াড়ি, ফাঁস নিলেন স্ত্রী",finance
"‘আমাকে মাফ করবা মা, আমার কাফনের টাকা ব্যাগে’, পোস্ট দিয়ে তরুণীর আত্মহত্যা",finance
"জমি কিনে প্রতারিত হন সেই বাবা, শেয়ারবাজারেও ক্ষতিগ্রস্ত",finance
"ঋণ পরিশোধে চাপ, দিনমজুরের ‘আত্মহত্যা’",finance
দুই সন্তানকে বিষ খাইয়ে হত্যার পর ‘ঋণগ্রস্ত’ ব্যবসায়ীর আত্মহত্যা,finance
সিরাজদিখানে ঋণগ্রস্ত নারী ও দুই সন্তানের মরদেহ উদ্ধার,finance
"এসএসসি পরীক্ষার ফল, ৫ শিক্ষার্থীর লাশ উদ্ধার",academic
"মতামত
এসএসসির ফলাফল যেন আত্মহত্যার কারণ না হয়",academic
"মানিকগঞ্জে শিক্ষার্থীর আত্মহত্যা
‘ওরে আত্মহত্যা করতে বাধ্য করছে’",academic
"ছাত্র মৈত্রী ও ছাত্র ফ্রন্টের বিবৃতি
ঢাবির শিক্ষার্থী শাকিলের আত্মহত্যা রাষ্ট্রীয় মদদে কাঠামোগত হত্যাকাণ্ড",academic
নটর ডেমের শিক্ষার্থীর ঝুলন্ত মরদেহ উদ্ধার,academic
মেস থেকে খুলনা বিশ্ববিদ্যালয়ের শিক্ষার্থীর ঝুলন্ত লাশ উদ্ধার,academic
"শহীদ বাবার পাশেই কলেজছাত্রীকে দাফনের প্রস্তুতি, কবর খুঁড়ছেন বৃদ্ধ দাদা",academic
ঢাকা বিশ্ববিদ্যালয়ের চারুকলার এক শিক্ষার্থীর ঝুলন্ত মরদেহ উদ্ধার,academic
বাড়িতে রাগ করে টয়লেট ক্লিনার খেয়ে ফেলেছিলাম,academic
"বাউফলে চিরকুট লিখে স্কুলছাত্রীর আত্মহত্যা, উত্ত্যক্তের অভিযোগ পরিবারের",academic
"নিখোঁজ স্কুলছাত্রীকে রাতে উদ্ধার করে পুলিশ, ভোরে মিলল ঝুলন্ত লাশ",academic
আত্মহত্যার চেষ্টা করা জগন্নাথ বিশ্ববিদ্যালয় শিক্ষার্থীর হাসপাতালে মৃত্যু,academic
মা–বাবাকে নিয়ে নববর্ষ উদ্‌যাপনের পর শয়নঘরে মিলল কলেজছাত্রের লাশ,academic
"আনিসুল হকের কলাম
পরীক্ষার ফি দিতে না পেরে মাহফুজ, লাবণীদের আত্মহত্যা কেন",academic
"চিঠিপত্র
শিক্ষার্থীদের আত্মহত্যার ঘটনা ও মানসিক স্বাস্থ্যের অপ্রতুলতা",academic
"‘কুকুর’ সম্বোধন করে ছাত্রের পোস্ট
শিক্ষকের আত্মহত্যার প্ররোচনার অভিযোগে চারজনকে আসামি করে মামলা",academic
"‘কুকুর’ সম্বোধন করে ছাত্রের পোস্ট, এক দিন পর শিক্ষকের ‘ঝুলন্ত’ লাশ উদ্ধার",academic
যাত্রাবাড়ীতে সিলিং ফ্যানে ঝুলন্ত এমবিবিএস পড়ুয়া শিক্ষার্থীর মরদেহ উদ্ধার,academic
"বরিশাল বিশ্ববিদ্যালয়ের আরেক শিক্ষার্থীর আত্মহত্যার চেষ্টা, পরে হাসপাতালে মৃত্যু",academic
ভারতে শিক্ষার্থীদের আত্মহত্যার হার জনসংখ্যা বাড়ার হারের চেয়ে বেশি: জরিপ,academic
নিজের গল্প করতে গিয়ে প্রতিবার কেঁদে ফেলি,academic
"কলেজছাত্রের ঝুলন্ত লাশ উদ্ধার, পুলিশের ধারণা ভিডিও কল দিয়ে আত্মহত্যা",academic
"হঠাৎ স্কুল ব্যাগ-জুতা ফেলে ব্রহ্মপুত্রে ঝাঁপ ছাত্রীর, তারপর...",academic
"ধর্ষণের শিকার স্কুলছাত্রীর আত্মহত্যার অভিযোগ, জড়িতদের বিচারের দাবিতে মানববন্ধন",academic
বরিশাল বিশ্ববিদ্যালয়ে শিক্ষার্থীর ‘আত্মহত্যা’র কারণ উদ্‌ঘাটনে তদন্ত কমিটি,academic
"বরিশাল বিশ্ববিদ্যালয়
সাড়ে ৫ মাসে তিন শিক্ষার্থীর আত্মহত্যায় উদ্বিগ্ন শিক্ষার্থী-প্রশাসন",academic
ভবিষ্যৎ পেশাজীবন নিয়ে দুশ্চিন্তায় ভোগেন ৫৫% বিশ্ববিদ্যালয় শিক্ষার্থী,academic
"ঢাকা বিশ্ববিদ্যালয়ের শিক্ষকের স্ত্রীর মৃত্যু
ময়নাতদন্তে হত্যাকাণ্ড, পিবিআইয়ের প্রতিবেদনে আত্মহত্যা",academic
"শিক্ষার্থীর আত্মহনন
‘আমার রত্ন কোথায় হারিয়ে গেল, এখন কাকে নিয়ে বেঁচে থাকব’",academic
অবন্তিকার আত্মহত্যার ঘটনায় গ্রেপ্তার শিক্ষক দ্বীন ইসলাম জামিনে মুক্ত,academic
"প্রেমের বিয়ে
কলেজছাত্রী স্ত্রীর মরদেহ উদ্ধার, সহপাঠী স্বামী কারাগারে",academic
ঢাকা বিশ্ববিদ্যালয়ের ছাত্রীর ‘আত্মহত্যা’ শিক্ষক বাবার ক্যাম্পাসের বাসায়,academic
"ফাইরুজ সাদাফের আত্মহত্যা
দায়ীদের দ্রুত বিচারের দাবি জগন্নাথ বিশ্ববিদ্যালয়ের সাবেক শিক্ষার্থীদের",academic
"অবন্তিকার আত্মহত্যা
জগন্নাথ বিশ্ববিদ্যালয়ের শিক্ষক দ্বীন ইসলামের জামিন নামঞ্জুর",academic
"বার্তাকক্ষ থেকে
অবন্তিকার আত্মহত্যা: ক্যাম্পাসে নিপীড়নের বিরুদ্ধে শিক্ষার্থীদের অবস্থান",academic
অবন্তিকার আত্মহত্যার ঘটনায় বিচার বিভাগীয় তদন্তের দাবি বিশ্ববিদ্যালয় শিক্ষক নেটওয়ার্কের,academic
অবন্তিকার আত্মহত্যা: জগন্নাথ বিশ্ববিদ্যালয়ের আইন বিভাগে দুদিন ক্লাস-পরীক্ষা বন্ধ,academic
"অবন্তিকার আত্মহত্যা
সহপাঠী আম্মানকে দুই দিনের ও শিক্ষক দ্বীন ইসলামকে এক দিনের রিমান্ড",academic
"অবন্তিকার আত্মহত্যা
জগন্নাথ বিশ্ববিদ্যালয়ের শিক্ষার্থীদের প্রতিবাদ সমাবেশ-মশালমিছিল",academic
অবন্তিকার আত্মহত্যা: অভিযুক্তদের গ্রেপ্তারে ১২ ঘণ্টা সময় বেঁধে দিয়েছেন শিক্ষার্থীরা,academic
"ছাত্রীর আত্মহত্যা
গভীর রাতে জগন্নাথ বিশ্ববিদ্যালয়ে শিক্ষার্থীদের বিক্ষোভ, উপাচার্যের আশ্বাস",academic
ভিকারুননিসার শিক্ষার্থী অরিত্রীকে আত্মহত্যা প্ররোচনার মামলায় রায় আবার পেছাল,academic
"নর্থ সাউথের শিক্ষার্থীর মৃত্যু ঘিরে রহস্য, যা বলছেন স্বজন ও বন্ধুরা",academic
ভিকারুননিসার শিক্ষার্থী অরিত্রীকে আত্মহত্যায় প্ররোচনার মামলায় রায় ঘোষণা পেছাল,academic
"নাতি-নাতনিসহ মেয়েকে মেরে ফেলেছে, না আত্মহত্যা বুঝতে পারছেন না বাবা",academic
"আত্মহত্যা করা শিক্ষার্থীদের ৬০ শতাংশ নারী, বেশি ঢাকা বিভাগে",academic
বনশ্রীর বহুতল ভবনের ছাদ থেকে পড়ে এসএসসি পরীক্ষার্থীর মৃত্যু,academic
১৩-১৯ বছর বয়সী শিক্ষার্থীদের আত্মহত্যার প্রবণতা বেশি,academic
বাড্ডায় এক শিক্ষার্থীর আত্মহত্যা,academic
"দক্ষিণ কোরিয়ায় অভিভাবকদের উৎপীড়নে শিক্ষকের আত্মহত্যা, শিক্ষকদের ধর্মঘট",academic
"মতামত
বিশ্ববিদ্যালয় শিক্ষার্থীরা কেন আত্মহত্যা করেন?",academic
ছাদ থেকে ‘লাফিয়ে পড়ে’ শিক্ষার্থীর মৃত্যু,academic
টিনএজার শিক্ষার্থীরা কেন আত্মহত্যা করেন?,academic
"ভর্তি পরীক্ষায় অকৃতকার্য হয়ে ছেলের আত্মহত্যা, এক দিন পর বাবার মরদেহ উদ্ধার",academic
"স্কুলছাত্রীর আত্মহত্যা, এলাকাবাসীর বিক্ষোভ, সহানুভূতি জানাতে এসে লাঞ্ছিত শিক্ষক",academic
"মতামত
পরীক্ষায় খারাপ ফল: মোমো, মিষ্টিরা কেন চলে যাবে",academic
"গলাচিপায় ধর্ষণের শিকার স্কুলছাত্রীর আত্মহত্যা, মামলার পর যুবক গ্রেপ্তার",academic
কবি নজরুল কলেজের ছাত্রলীগ সভাপতির লাশ উদ্ধার,academic
‘প্রেমিকের মায়ের বকুনির’ পর কলেজছাত্রীর ঝুলন্ত লাশ উদ্ধার,academic
"খিলগাঁওয়ে স্কুলশিক্ষার্থীর ঝুলন্ত লাশ উদ্ধার, পরিবার বলছে আত্মহত্যা",academic
"আগের দিন বিসিএস পরীক্ষা, পরের দিন ঝুলন্ত লাশ",academic
"মতামত
আর কত শিক্ষার্থীর অপমৃত্যুর মিছিল দেখব?",academic
"এসএসসি পরীক্ষার হলে নয়, এখন সে মর্গে",academic
"চট্টগ্রামে শিক্ষানবিশ আইনজীবীর মৃত্যু, স্ত্রী আটক",academic
জাহাঙ্গীরনগরে আবাসিক হল থেকে শিক্ষার্থীর ঝুলন্ত লাশ উদ্ধার,academic
"ঢাকা বিশ্ববিদ্যালয়
শিক্ষক ‘অপমান’ করেছেন অভিযোগ তুলে ‘আত্মহত্যাচেষ্টা’ ছাত্রলীগ নেতার",academic
ব্যবসায়ীকে ভবন থেকে ফেলে হত্যার পর আত্মহত্যা হিসেবে চালানোর চেষ্টা,academic
পঞ্চগড়ে কলেজছাত্রীকে ধর্ষণ ও বাবার আত্মহত্যার প্ররোচনার মামলায় ৪ আসামি কারাগারে,academic
মনিরামপুরে শাহজালাল বিশ্ববিদ্যালয়ের শিক্ষার্থীর ঝুলন্ত লাশ উদ্ধার,academic
"আঁচল ফাউন্ডেশনের তথ্য
মাসে গড়ে ৩৭ শিক্ষার্থীর আত্মহত্যা",academic
"কলেজে যাওয়ার পথে বখাটের মারধরে রক্তাক্ত ছাত্রী, বাড়ি ফেরার পর ঝুলন্ত লাশ উদ্ধার",academic
"আপত্তিকর ছবি ছড়ানোর পর কলেজছাত্রীর আত্মহত্যার চেষ্টা, তরুণ গ্রেপ্তার",academic
রাজবাড়ীতে স্কুলছাত্রের ঝুলন্ত লাশ উদ্ধার,academic
কুষ্টিয়ায় নিজের ঘরে ঝুলছিল স্কুলছাত্রের লাশ,academic
পড়ার চাপে অবসাদে ভুগছেন ৭৬% বিশ্ববিদ্যালয়শিক্ষার্থী,academic
ইস্ট ওয়েস্ট বিশ্ববিদ্যালয়ের শিক্ষার্থীর ঝুলন্ত লাশ উদ্ধার,academic
"সাক্ষাৎকার: মুহাম্মদ মাহবুব মোর্শেদ
স্কুলগুলোতে ভয়, অবিশ্বাস ও অশ্রদ্ধার সংস্কৃতি গড়ে উঠেছে",academic
"ঢাকা শিক্ষা বোর্ডের তদন্ত
অকৃতকার্য হয়ে হতাশায় ভুগছিল হলিক্রসের ছাত্রী পারপিতা",academic
"মাসে ৪৫ শিক্ষার্থীর আত্মহত্যা
এটি গুরুতর সংকট, সমাধানসূত্র জরুরি",academic
"আত্মহত্যা প্রতিরোধ দিবস আজ
মাসে ৪৫ শিক্ষার্থীর আত্মহত্যা, অর্ধেকই স্কুলশিক্ষার্থী",academic
ছাত্রীর আত্মহত্যার প্ররোচনার মামলা থেকে শিক্ষকের নাম প্রত্যাহারের দাবি,academic
শিবপুরে কিশোরীর আত্মহত্যায় প্ররোচনার অভিযোগে শিক্ষকের বিচার দাবি মায়ের,academic
ঢাবি শিক্ষার্থী এলমাকে আত্মহত্যায় প্ররোচনার অভিযোগপত্র গ্রহণ,academic
স্কুলছাত্রীর আত্মহত্যা: অকৃতকার্য করানোর অভিযোগ তদন্তে কমিটি,academic
স্কুল থেকে ফিরে ছাদে গিয়ে লাফিয়ে পড়ে ছাত্রীর ‘আত্মহত্যা’,academic
কাঁঠালিয়ায় স্কুলছাত্রীর ঝুলন্ত লাশ উদ্ধার,academic
"মেডিকেল শিক্ষার্থীদের আত্মহত্যা
তাঁদের মৃত্যুর জন্য কেউ দায়ী নয়?",academic
পোকা দমনের কীটনাশক পানে কলেজছাত্রের মৃত্যু,academic
রাজধানীর গ্রিন হেরাল্ড স্কুলের ছাদ থেকে পড়ে শিক্ষার্থীর মৃত্যু,academic
নর্থ সাউথের শিক্ষার্থী মোয়াজেরের ‘মৃত্যু’ ঘিরে যা জানা যাচ্ছে,academic
"খুলনায় বিশ্ববিদ্যালয় শিক্ষার্থীর মরদেহ উদ্ধার, আত্মহত্যার প্ররোচনার মামলা",academic
"জবর খবর
যেসব কারণে আত্মহত্যার প্রবণতা বাড়ছে বিশ্ববিদ্যালয় শিক্ষার্থীদের মাঝে",academic
স্বামীর ফ্ল্যাট থেকে বিশ্ববিদ্যালয়ের শিক্ষার্থীর লাশ উদ্ধার,academic
ছাত্রীর পর এবার এমসি কলেজছাত্রের ঝুলন্ত লাশ উদ্ধার,academic
স্কুলছাত্রীকে আত্মহত্যার প্ররোচনার দায়ে যুবকের ৫ বছর কারাদণ্ড,academic
এমসি কলেজের আবাসিক হল থেকে ছাত্রীর ঝুলন্ত লাশ উদ্ধার,academic
কুষ্টিয়ায় ছাত্রীনিবাস থেকে শিক্ষার্থীর ঝুলন্ত লাশ উদ্ধার,academic
"জামালপুরে স্কুলছাত্রীর আত্মহত্যা
প্ররোচনায় অভিযুক্তের ফাঁসি না হওয়া পর্যন্ত আন্দোলন চালিয়ে যাওয়ার ঘোষণা",academic
ফুটেজে স্কুলছাত্রী সৃজাকে একা ছাদে উঠতে দেখা গেছে: পুলিশ,academic
বরিশালে কলেজছাত্রীর ‘রহস্যজনক’ মৃত্যুতে স্বামীর বিরুদ্ধে মামলা,academic
স্কুলছাত্রীর ‘আত্মহত্যার’ ঘটনায় অভিযুক্তের ফাঁসির দাবিতে মানববন্ধন,academic
স্কুলছাত্রীর ‘সুইসাইড নোটে’ লিখে যাওয়া অভিযুক্ত যুবক গ্রেপ্তার,academic
খারাপ কিছু হওয়ার কথা জানিয়ে স্কুলছাত্রীর ‘আত্মহত্যা’,academic
বিএম কলেজের ছাত্রীকে আত্মহত্যায় প্ররোচনা দেওয়ার ঘটনায় জড়িতদের বিচার দাবি,academic
নার্সিং কলেজশিক্ষার্থীর ঝুলন্ত লাশ উদ্ধার,academic
জয়পুরহাটে স্কুলছাত্রের ঝুলন্ত লাশ উদ্ধার,academic
শিক্ষার্থীদের আত্মহত্যাবিরোধী শপথ,academic
"উচ্চ শিক্ষাপ্রতিষ্ঠান
এক বছরে ১০১ জন শিক্ষার্থীর আত্মহত্যা",academic
"মতামত
এসএসসির ফলাফলে আত্মহত্যার শঙ্কা যেন ভুল হয়",academic
আপত্তিকর ভিডিও ছড়ানোর ‘হুমকির’ পর স্কুলছাত্রীর ঝুলন্ত লাশ উদ্ধার,academic
"অটো পাস মিলবে না জেনে বিষণ্নতায় আত্মহত্যা, বলছে পরিবার",academic
‘সুইসাইড নোট’ লিখে ফেলা মানুষটিই এখন অন্যের জীবন বাঁচান,academic
রাজধানীর সবুজবাগে স্কুলছাত্রের মরদেহ উদ্ধার,academic
বাল্যবিয়ের দেড় মাসের মাথায় জীবন গেল স্কুলছাত্রী সম্পার,academic
পরীক্ষার ফরম পূরণের টাকা পেতে দেরি হওয়ায় শিক্ষার্থীর আত্মহত্যা,academic
আত্মহত্যা: গণব্যর্থতার নিঃসঙ্গ শাস্তি,academic
"মতামত
স্কুল খুলল, ওরা তো ফেরেনি, ফিরবে না কোনো দিন",academic
জগন্নাথ বিশ্ববিদ্যালয়ের প্রাক্তন শিক্ষার্থীর আত্মহত্যা,academic
চুরির অপবাদ দেওয়ায় স্কুলছাত্রের আত্মহত্যা,academic
"কলেজছাত্রীর ঝুলন্ত লাশ উদ্ধার, হাতের মুঠোয় ছিল সুইসাইড নোট",academic
স্কুলছাত্রীসহ রাজধানীতে দুজনের অস্বাভাবিক মৃত্যু,academic
চিরকুট লিখে যৌন হয়রানির শিকার স্কুলছাত্রীর ‘আত্মহত্যা’,academic
স্কুলছাত্রীর ‘আত্মহত্যায়’ প্ররোচনায় দুই তরুণের বিরুদ্ধে মামলা,academic
এলএসডি উদ্ধারের ঘটনায় তিন শিক্ষার্থী ৫ দিনের রিমান্ডে,academic
চাঁদপুরে কলেজশিক্ষকের ঝুলন্ত লাশ উদ্ধার,academic
আত্মহত্যা করতে গিয়ে ফিরে এসে জীবন বদলে ফেলা এক অভিনেতা,academic
"বিষপানে স্কুলছাত্রীর মৃত্যু, তরুণের বিরুদ্ধে ধর্ষণের অভিযোগ",academic
"আপত্তিকর ছবি ফেসবুকে, কীটনাশক পানে অসুস্থ স্কুলছাত্রীর মৃত্যু",academic
রংপুরে কারমাইকেল কলেজের ছাত্রীর ঝুলন্ত লাশ উদ্ধার,academic
রাজশাহীতে মেডিকেলের ছাত্রাবাসে ভারতীয় শিক্ষার্থীর ঝুলন্ত লাশ,academic
"মেসের সামনে প্রেমিক, ভিডিও কলে রেখেই কলেজছাত্রীর আত্মহত্যা",academic
আত্মহত্যার চেষ্টার পর হাসপাতালে মারা গেলেন জবি শিক্ষার্থী,academic
রাজধানীতে বিশ্ববিদ্যালয়ের শিক্ষার্থীসহ ৩ জনের ঝুলন্ত মরদেহ উদ্ধার,academic
জামালপুরে চিরকুট লিখে এসএসসি পরীক্ষার্থীর আত্মহত্যা!,academic
অপমান সইতে না পেরে শিক্ষকের আত্মহত্যা!,academic
‌‘শাশুড়ি দেখে ফেলায়’ প্রেমিককে নিয়ে গলায় ফাঁস নিলেন গৃহবধূ,academic
এইচএসসি পরীক্ষায় ‘ফেল করায়’ আত্মহত্যা,academic
পরীক্ষা ভালো না হওয়ায় এসএসসি পরীক্ষার্থীর আত্মহত্যা,academic
শিক্ষা ব্যবস্থাকে দায়ী করে ইঞ্জিনিয়ারিং কলেজের শিক্ষার্থীর ‘আত্মহত্যা’,academic
"সবার কাছে ক্ষমা চেয়ে ফেসবুকে স্ট্যাটাস, কলেজছাত্রের আত্মহত্যা",academic
‘ক্রাইম পেট্রোল’ অভিনেতার রহস্যজনক মৃত্যু!,academic
"সালিশে ‘প্রেমিকের’ ভাইয়ের সঙ্গে বিয়ের সিদ্ধান্ত, ‘অভিমানে’ আত্মহত্যা স্কুলছাত্রীর",academic
"হার্ভাড কলেজের হোস্টেলে শিক্ষার্থীর ‘রহস্যজনক’ মৃত্যু, সহপাঠী পুলিশ হেফাজতে",academic
পেনসিল নিয়ে অভিমানে প্রাণটাই দিলো স্কুলছাত্রী!,academic
"যুক্তরাষ্ট্রের স্কুলে গুলিবর্ষণে বন্দুকধারীসহ ২ জন নিহত, আহত ১",academic
রাজধানীর খিলগাঁওয়ে স্কুল শিক্ষার্থীর আত্মহত্যা,academic
"ধর্ষণের অপমানে স্কুলছাত্রীর আত্মহত্যা, সহায়তায় অভিযুক্ত যুবক গ্রেফতার",academic
ফোনে কথা বলতে বলতে গলায় ফাঁস দিলেন জাবি শিক্ষার্থী,academic
"এইচএসসিতে ফেল, রেজাল্ট শুনে নিজ ঘরেই ফাঁস দিলেন মামুন",academic
এসএসসি পরীক্ষা খারাপ হওয়ায় শিক্ষার্থীর আত্মহত্যা,academic
খিলগাঁওয়ে বাসা থেকে জবি শিক্ষার্থীর মরদেহ উদ্ধার,academic
১১ ঘণ্টার ব্যবধানে প্রবাসীর স্ত্রী ও প্রতিবেশী কলেজছাত্রের আত্মহত্যা,academic
কলেজছাত্রীর আত্মহত্যা ঘিরে ধোঁয়াশা,academic
"‘ছেলের কবরের পাশে যেন আমাকে কবর দেওয়া হয়’, ‍চিরকুট লিখে শিক্ষকের আত্মাহুতি",academic
গলা কেটে মাদ্রাসা শিক্ষকের আত্মহত্যা,academic
সাইকেল কিনে না দেওয়ায় মায়ের ওড়না পেঁচিয়ে আত্মহত্যা স্কুলছাত্রের,academic
যশোরে কলেজছাত্রী আত্মহত্যার ঘটনায় তদন্ত কমিটি গঠন,academic
ঘরের আড়ায় ঝুলছিল ধর্ষণের শিকার সেই স্কুলছাত্রী,academic
প্রেমিকাকে ভিডিও কলে রেখে কলেজছাত্রের আত্মহত্যা,academic
ভারতে শিক্ষার্থী আত্মহত্যা উদ্বেগজনক হারে বেড়েছে,academic
"পুলিশ লাইনসের ব্যারাকে ঝুলছিল নারী কনস্টেবল, কলেজ হোস্টেলে ছাত্রী",academic
জবি প্রশাসনকে লাল কার্ড দেখালেন শিক্ষার্থীরা,academic
আত্মহত্যা করা শিক্ষার্থীদের ৬০ শতাংশ নারী,academic
এসএসসিতে ফেল করায় ফাঁস নিল মিতু,academic
কামারখন্দে এসএসসি পরীক্ষার্থীর আত্মহত্যা,academic
চিরকুটে লেখা ‘আমার মৃত্যুর জন্য দায়ী দেশের শিক্ষা ব্যবস্থা’,academic
"ফোন ভেঙে ফেলায় সন্তানসহ মেঘনায় ঝাঁপ, মা বেঁচে গেলেও শিশুর মৃত্যু",academic
পরীক্ষা শুরু আগে এসএসসি পরীক্ষার্থীর আত্মহত্যা,academic
"গোল্ডেন জিপিএ-৫ রিউশার, বিশ্ববিদ্যালয়ে ভর্তির সুযোগ না পেয়ে আত্মহত্যার অভিযোগ",academic
এসএসসিতে আশানুরূপ ফল করতে না পেরে ফাঁস নিল জান্নাতুল,academic
"পরীক্ষার ফি না দেওয়ায় অপদস্ত, দিনমজুর ছাত্রের আত্মহত্যা",academic
রাজধানীতে কলেজপড়ুয়া ছেলেকে হত্যার পর বাবার আত্মহত্যা,academic
পুলিশ কোয়ার্টারে ফ্যানে ঝুলছিল কলেজছাত্রীর লাশ,academic
‘আমারে দেখিবার আইসো শেষ জানাজার আগে’ পোস্ট দিয়ে স্কুলছাত্রীর ‘আত্মহত্যা’,academic
কুমিল্লায় কলেজ শিক্ষার্থীর ঝুলন্ত মরদেহ উদ্ধার,academic
আবার পেছালো শিক্ষার্থী অরিত্রি আত্মহত্যা মামলার রায়,academic
জিপিএ-৫ না পাওয়ায় এসএসসি পরীক্ষার্থীর আত্মহত্যা,academic
অবন্তিকার আত্মহত্যা: এবার প্রশাসনকে লাল কার্ড দেখাল শিক্ষার্থীরা,academic
শিক্ষাপ্রতিষ্ঠানে শারীরিক ও মানসিক নির্যাতন চলতে পারে না: ড. কামাল উদ্দিন,academic
"নকল করায় খাতা কাড়লেন শিক্ষক, ছাত্রীর আত্মহত্যা",academic
পেশাজীবন নিয়ে দুশ্চিন্তায় ৫৫ শতাংশ বিশ্ববিদ্যালয় শিক্ষার্থী,academic
ফেসবুকে পোস্ট দিয়ে ট্রান্সজেন্ডার শিক্ষার্থীর ‘আত্মহত্যা’,academic
প্রেমিকের ছোট ভাইয়ের সঙ্গে বিয়ের সিদ্ধান্তে স্কুলছাত্রীর আত্মহত্যা,academic
আধখাওয়া জীবনে ফেলে রাখা কেক,academic
"জবিতে নিরাপত্তাব্যবস্থা জোরদার, ৩টায় মানববন্ধন করবেন শিক্ষার্থীরা",academic
‘জেরিনের বড় ভাই দায়ী’ পোস্ট দিয়ে বাঙলা কলেজছাত্রের আত্মহত্যা,academic
বিদ্যালয়ে বিষপানে শিক্ষার্থীর মৃত্যু,academic
গৃহবধূর লাশ ফেলে রেখে পালাল শাশুড়ি-দেবর,academic
"বিবস্ত্র করে নির্যাতন, ক্ষোভে ‘আত্মহত্যা’ এইচএসসি পরীক্ষার্থীর",academic
"ফ্যানের সঙ্গে ঝুলে ছিলেন ঢাবি শিক্ষার্থী, হাসপাতালে নিলে মৃত ঘোষণা",academic
সহপাঠীকে ভিডিও কলে রেখে জাবি শিক্ষার্থীর ‌‘আত্মহত্যা’,academic
গলায় ফাঁস দিয়ে বরিশাল বিশ্ববিদ্যালয় শিক্ষার্থীর আত্মহত্যা,academic
জগন্নাথ হলের ছাদ থেকে পড়ে ঢাবি শিক্ষার্থীর মৃত্যু,academic
ধূমপানে নিষেধ করায় স্কুলছাত্রের আত্মহত্যা,academic
"আত্মহত্যার আগে ফেসবুকে পোস্ট ‘আমি নাস্তিক নই, গ্রামের সবাই আমাকে নাস্তিক বলছে’",family
"আমি সুইসাইড করার মতো মেয়ে নই, মৃত্যুর গুজব নিয়ে পরীমনি",family
"র‍্যাব কর্মকর্তার ‘আত্মহত্যা’
‘কী অভিমানে বাবা আমাকে ছেড়ে গেল’",family
শহীদের মেয়ের আত্মহত্যার ঘটনায় অন্তর্বর্তী সরকারের বিরুদ্ধে মামলা হওয়া উচিত: এবি পার্টি,family
"মতামত
অভ্যুত্থানে শহীদের মেয়ে কেন আত্মহত্যা করে",family
"জুলাই আন্দোলনে শহীদের মেয়েটির লাশ পরিবারের কাছে হস্তান্তর, হাসপাতালে ক্ষোভ",family
জুলাই অভ্যুত্থানে শহীদের মেয়ের ঝুলন্ত মরদেহ উদ্ধার,family
জুলাই আন্দোলনে শহীদের মেয়ের ঝুলন্ত মরদেহ উদ্ধার,family
"বরিশালে অটোরিকশাচালকের লাশ উদ্ধার, পরিবারের দাবি, হুমকি পেয়ে ‘আত্মহত্যা’",family
দর্শনা চেকপোস্টে নিজ ঘরে ঝুলছিল পুলিশ সদস্যের মরদেহ,family
"রাজশাহীতে পেঁয়াজচাষির আত্মহত্যা
নেটিজেনরা ‘ধুয়ে দিচ্ছে’ পরিবারকে, বাস্তবতা ভিন্ন",family
"গৃহবধূর লাশ উদ্ধার, পরিবার বলছে ‘এআইয়ে বানানো আপত্তিকর ভিডিওর’ জেরে আত্মহত্যা",family
পৃথিবীতে খারাপ মানুষ আছে—এটা বুঝতে পেরে অকালে ঝরেছে যে আর্জেন্টাইন প্রতিভা,family
জবি ছাত্রী অবন্তিকা আত্মহত্যা: বিচারে পুলিশ ও প্রশাসনের বিরুদ্ধে অসহযোগিতার অভিযোগ মায়ের,family
"‘চুল কাটার অপমান সইতে না পেরে’ তরুণের গলায় ফাঁস, ৪ মাস পর মৃত্যু",family
শেরপুরে মেয়ের ধর্ষণচেষ্টার ঘটনা জেনে মায়ের আত্মহত্যার চেষ্টা,family
"শ্বশুরবাড়িতে গায়ে আগুন দিয়ে ‘আত্মহত্যার চেষ্টা’ প্রবাসীর, পরে মৃত্যু",family
‘কটাক্ষ থেকে বাঁচতে’ তিন মেয়েসহ ‘গ্যাস ট্যাবলেট’ খেয়ে মায়ের মৃত্যু,family
"সাতক্ষীরায় দুই সন্তানসহ মায়ের বিষপান, দুজনের মৃত্যু, মা সংকটাপন্ন",family
"ঘরে পাওয়া গেল চিরকুট, রেললাইনে যুবকের ক্ষতবিক্ষত লাশ",family
"প্রেমে জড়িয়ে প্রতারণার শিকার, ‘আমার জীবনের মূল্য নেই’ লিখে চিরতরে চলে গেল কিশোরী",family
ওসি আল আমিনের মৃত্যুতে গ্রামের বাড়িতে শোকের ছায়া,family
"রাতে বাসায় ফেরেন আত্মগোপনে থাকা বাবা, সকালে দেখলেন একমাত্র ছেলের ঝুলন্ত লাশ",family
দুর্গন্ধের উৎস খুঁজতে গিয়ে শ্বশুরবাড়িতে মিলল যুবকের লাশ,family
মেয়েকে নিয়ে ট্রেনের নিচে ঝাঁপ দিলেন বাক্‌প্রতিবন্ধী বাবা,family
মা–বাবার বিষণ্নতা যেভাবে সন্তানের জন্য ভয়ংকর বিপদ ডেকে আনতে পারে,family
"চার বছরের শিশুকন্যার লাশ ছিল বিছানায়, মায়ের লাশ ছিল ঝুলন্ত",family
‘পৃথিবী আমাকে অনেক কিছু দিয়েছে’ লিখে ট্রেনের নিচে ঝাঁপ দিলেন যুবক,family
"কিশোরকে আত্মহত্যায় উৎসাহ দিয়েছে চ্যাটবট, নির্মাতার বিরুদ্ধে মায়ের মামলা",family
"কারাগার থেকে বাড়ি ফিরলেন যুবলীগ কর্মী, পরে ঝুলন্ত লাশ উদ্ধার",family
যমজ দুই সন্তানকে ভিডিও কলে রেখে প্রবাসী বাবার আত্মহত্যা,family
"ভিডিও
তিন সন্তান রেখে পরপারে তানিশা, কী ঘটেছিল",family
‘আমি শুধু আমার মেয়ে হত্যার ন্যায্য বিচার চাই’,family
কীভাবে বুঝবেন কাছের মানুষটি আত্মহত্যার কথা ভাবছে,family
"জয়পুরহাট
চার বছরের সন্তানকে নিয়ে ট্রেনের নিচে ঝাঁপ দিলেন মা",family
মেয়েটির আত্মহত্যা নিয়ে বাবা–মায়ের অভিযোগই সত্য হলো,family
মামলা করলেন আত্মহত্যা করা সেই নারী চিকিৎসকের মা,family
"লাশের পাশে চিরকুটে লেখা, ‘আমার মৃত্যুর জন্য আমিই দায়ী’",family
"বাল্যবিবাহের ৪ মাসের মাথায় কিশোরী হলো লাশ, পরিবারের দাবি হত্যা",family
"‘শেফাকে নিয়ে অনেক স্বপ্ন ছিল আমাদের, সব শেষ হয়ে গেল’",family
"চার মাসের মেয়েকে বিষ খাইয়ে নিজেও খেলেন মা, দুজনের মৃত্যু",family
"গৃহবধূকে ধর্ষণ, আত্মহত্যা
জড়িতদের আইনের আওতায় আনার নির্দেশ মানবাধিকার কমিশনের",family
নতুন জামা কিনে বাসায় ফিরে বাবা–মা পেলেন মেয়ের ঝুলন্ত লাশ,family
"ফেসবুকে পোস্ট দিয়ে পদ্মা নদীতে ঝাঁপ দিলেন তরুণী, পরে লাশ উদ্ধার",family
"মতামত
মানি সুইটার দ্যান হানি বনাম অর্থ যখন বিষের চেয়েও বিষাক্ত",family
"ছেলেকে হত্যার পর বাবার আত্মহত্যা
কী ঘটেছিল, মনে করতে পারছে না শিশুটি",family
ফেসবুকে পোস্ট দিয়ে শিশুসন্তান নিয়ে ট্রেনের নিচে ঝাঁপ,family
মার্কিন মুল্লুকের তরুণেরা কেন এত আত্মহত্যার পথ বেছে নিচ্ছেন,family
"মতামত
ছেলেকে খুন, বাবার আত্মহত্যা: কেউ দায়ী নয়!",family
পারিবারিক অশান্তি থেকেই ছেলেকে হত্যার পর বাবার আত্মহত্যা: পুলিশ,family
হোটেল থেকে পরিচালক সোহানুর রহমানের মেয়ের মরদেহ উদ্ধার,family
"আগারগাঁওয়ে ফ্ল্যাটে বাবা–ছেলের মরদেহ, গুরুতর অবস্থায় মেয়েকে উদ্ধার",family
অপরিচিত নারীকে বাঁচাতে জীবন দেওয়া তরুণ ছিলেন মায়ের স্বপ্নের সারথি,family
চোর সন্দেহে মারধর ও পুকুরে চুবানোর পর ‘অপমানে’ কিশোরের আত্মহত্যা,family
"মতামত
বিশ্ববিদ্যালয়গুলো কবে মানবিক হবে",family
অবন্তিকার বাড়িতে গিয়ে তাঁর মায়ের সঙ্গে কথা বললেন তদন্ত কমিটির সদস্যরা,family
"কুমিল্লায় বাবার কবরের পাশে শায়িত হলেন অবন্তিকা, বিচারের দাবিতে মানববন্ধন",family
ছোট ভাইয়ের একুশে পদক অনুষ্ঠানে লজ্জায় যাননি সাদি,family
বাবা ও মায়ের কবরে শায়িত সাদি মহম্মদ,family
হতাশা থেকেই নিজেকে শেষ করে দিয়েছেন সাদি ভাই: ফারুক আহমেদ,family
দুর্গন্ধের উৎস খুঁজতে গিয়ে তালাবদ্ধ ঘরে মিলল গৃহবধূর অর্ধগলিত লাশ,family
"পেট্রল ঢেলে আত্মহত্যার চেষ্টা, দগ্ধ বাবা-ছেলে হাসপাতালে",family
"জন্মদিনে উচ্ছ্বাসে মেতে থাকা মেয়েটির রাতেই মৃত্যু, মানতে পারছেন না কেউ",family
‘নির্যাতনে অতিষ্ঠ হয়ে’ তিন সন্তানকে বিষ খাইয়ে নিজেও খেলেন,family
একই ঘরে পৃথক রশিতে ঝুলছিল বাবা-ছেলের লাশ,family
‘বৃদ্ধ হচ্ছি কিন্তু মেয়ের বয়স তো আর বাড়ছে না’,family
মায়ের ঝুলন্ত পা ধরে কাঁদছিল শিশুটি,family
ব্রাজিলিয়ান সংবাদমাধ্যমের ওপর ক্ষুব্ধ নেইমার,family
"টাঙ্গাইলে ধর্ষণ মামলার বাদীর লাশ উদ্ধার
আত্মহত্যার প্ররোচনার অভিযোগে বোনের মামলায় ভাইসহ আসামি ২, যুবক গ্রেপ্তার",family
কলমাকান্দায় হাসপাতালের ফার্মাসিস্টের লাশ উদ্ধার,family
"ইভটিজিংয়ের অভিযোগ এনে মারধর, ‘অপমান’ সইতে না পেরে নিজের প্রাণ নিলেন তরুণ",family
আত্মহত্যা কোনো সমস্যার সমাধান নয়,family
আত্মহত্যা রোধে সামাজিক-সাংস্কৃতিক যোগাযোগ বাড়াতে হবে,family
"দশ রকম রান্না করেছিলেন মা, মেয়ে আর ফেরেনি",family
"মতামত
আত্মহত্যা প্রতিরোধ: আশাহীন মানুষের মধ্যে আশা জোগাতে হবে",family
দীপিকা পাড়ুকোন নিজের মানসিক স্বাস্থ্য নিয়ে যা বলেছেন,family
"উত্তর প্রদেশে নামাজের জন্য বাস থামিয়ে চালকের সহকারী বরখাস্ত, পরে আত্মহত্যা",family
"ধূমপানের অভিযোগে ছাত্রীদের ‘শাসন’, আত্মহত্যার ঘটনায় পরিবারের মামলা",family
"পিরোজপুরে মা-ছেলের মৃত্যু, কীটনাশকের আলামত পেয়েছেন চিকিৎসক",family
"‘বিগ বস’-এর স্টুডিও থেকে থেকে ‘দেবদাস’, ‘লগান’ সিনেমার আর্ট ডিরেক্টরের ঝুলন্ত মরদেহ উদ্ধার",family
"বরিশাল বিশ্ববিদ্যালয়
মুঠোফোন বন্ধ পেয়ে মা মেসে এসে পেলেন মেয়ের ঝুলন্ত লাশ",family
"মা–বাবার কলহ, ক্ষোভ, অভিমানের বলি হচ্ছে শিশুরা",family
আত্মহত্যার ভাবনা দূর করতে মানসিক চিকিৎসা নিয়েছিলেন কিরিওস,family
"ভৈরবে মা-ছেলের লাশ উদ্ধারের ঘটনায় গ্রেপ্তার ১, আত্মহত্যায় প্ররোচনার অভিযোগে মামলা",family
ভৈরবে শয়নকক্ষ থেকে মা–ছেলের লাশ উদ্ধার,family
ব্রাহ্মণবাড়িয়ায় অধ্যক্ষের মৃত্যুর ঘটনা নিয়ে যা বলছেন স্বজনেরা,family
"প্রতিক্রিয়া
আত্মহত্যা: মানসিক চিকিৎসাসেবার অপ্রতুলতাই কি কারণ নয়?",family
১০ বছর পর বলিউড তারকা জিয়া খানের অপমৃত্যুর মামলার রায়,family
"চিকিৎসকের ঝুলন্ত লাশ
‘ছেলেটা শুধু আমার পরিবারের সম্পদ ছিল না, ছিল দেশের সম্পদ’",family
"প্রতিক্রিয়া
আত্মহত্যা কোনো সমাধান নয়, এটি নিজেই একটি সমস্যা",family
"চিঠিপত্র
জীবনে সহ্যশক্তিই সমাধান, আত্মহত্যা কখনো সমাধান নয়",family
"গবেষণা বলছে, যুক্তরাষ্ট্রে পূর্ণিমায় আত্মহত্যা বেশি",family
বিষপানে ছেলের মৃত্যুর এক দিন পর মায়ের ঝুলন্ত লাশ উদ্ধার,family
যেমন আছে সেচের পানির জন্য প্রাণ দেওয়া দুই ভাইয়ের পরিবার,family
হায়দরাবাদে দুই শিশুসন্তানসহ মা–বাবার ‘আত্মহত্যা’,family
"‘হাত জোড় করে মিনতি করছি, আমার মেয়েটাকে নিয়ে কাটাছেঁড়া করিয়েন না’",family
"ছেলের মৃত্যুতে অসুস্থ হয়ে পড়েছেন বৃদ্ধা মা, ভেঙে গেল বহুদিনের লালিত স্বপ্ন",family
হবিগঞ্জে শ্লীলতাহানির অপমানে কিশোরীর আত্মহত্যার ঘটনায় অভিযুক্তদের বিচার দাবি,family
সহপাঠীদের সামনে শ্লীলতাহানির অপমান সইতে না পেরে কিশোরীর আত্মহত্যা,family
নিজ অফিসে আত্মহত্যা করেছেন মার্কিন ধনকুবের,family
"বিচার না পেয়ে বাবার ‘আত্মহত্যা’
পঞ্চগড়ের এসপির কাছে প্রতিবেদন চেয়েছে মানবাধিকার কমিশন",family
বাবার সঙ্গে মুঠোফোনে কথা বলতে বলতে ট্রেনে কাটা পড়লেন তরুণী,family
পঞ্চগড়ে মেয়ের শ্লীলতাহানির বিচার না পেয়ে বাবার ‘আত্মহত্যা’,family
"মায়ের লাশ মর্গে, বাবা কারাগারে, দুই সন্তানের কী হবে",family
মেয়েকে স্বাবলম্বী করতে চা-দোকানি বাবার সংগ্রাম বিফলে গেল,family
বখাটের মারধরের পর ছাত্রীর ঝুলন্ত লাশ উদ্ধারের ঘটনায় মামলা,family
"‘বাবার ওপর রাগ করে’ পাঁচতলা ভবনের ছাদের কার্নিশে তরুণ, অতঃপর...",family
কথা বলতে পারছেন না অপমানে আত্মহত্যার চেষ্টা করা সেই নারী,family
"পারিবারিক কলহের জেরে দুই সন্তানকে নিয়ে আত্মহত্যা করেন মা, পরিবারের দাবি",family
পাঁচ বছর পরও সমাধান হয়নি সেই অভিনেত্রীর মৃত্যুরহস্য,family
"‘বাবা, ইচ্ছা ছিল অনেক বড় হব, পারিনি, মাফ করে দিয়ো’",family
"নরসিংদীতে ছেলেকে নিয়ে মায়ের বিষপান, দুজনের মৃত্যু",family
রায়েরবাজারের বাসা থেকে দুই সন্তানসহ মায়ের লাশ উদ্ধার,family
"রাতে ‘মনের মানুষকে না পাওয়া’র হতাশা লিখে স্ট্যাটাস, সকালে ছাত্রলীগ নেতার লাশ উদ্ধার",family
ভারতে হিন্দি চাপিয়ে দেওয়ার প্রতিবাদে গায়ে আগুন দিয়ে আত্মাহুতি,family
প্রেসক্লাবের সামনে দুই সন্তানকে নিয়ে আত্মহত্যার চেষ্টা নারীর,family
"৩০০ মানুষকে জীবনে ফেরানো
ঝিনাইদহের আলেয়া খাতুনকে অভিনন্দন",family
"ভাইয়ের সঙ্গে ঝগড়া করে ট্রেনের নিচে ঝাঁপ, তরুণীর মৃত্যু",family
সাবেক পুলিশ কর্মকর্তা বাবার বিরুদ্ধে মায়ের আত্মহত্যায় প্ররোচনার অভিযোগে মামলা,family
মায়ের আত্মহত্যায় প্ররোচনার অভিযোগ সাবেক পুলিশ কর্মকর্তা বাবার বিরুদ্ধে,family
শিবপুরে বিষ খেয়ে থানায় যাওয়া কিশোরীর মৃত্যুর ঘটনায় মামলা,family
"মানববন্ধনে সহপাঠীরা
সানজানা আত্মহত্যা করেননি, তাঁকে হত্যা করা হয়েছে",family
"নোয়াখালীতে শ্বশুরবাড়ি থেকে জামাতার লাশ উদ্ধার, পরিবারের দাবি হত্যা",family
"রাজশাহী বিশ্ববিদ্যালয়
ভাড়া বাসা থেকে ছাত্রীর লাশ উদ্ধার, বাবার দাবি হত্যা",family
"ময়নাতদন্ত প্রতিবেদন
হাসপাতালের কেবিনে আত্মহত্যা করেছিলেন নার্স রিমা",family
মাগুরায় এডিসি লাবণী ও কুষ্টিয়ায় কনস্টেবল মাহমুদুলের দাফন,family
পুলিশ কনস্টেবল মাহমুদুলের আত্মহত্যার কারণ খুঁজে পাচ্ছে না পরিবার,family
"দুই সন্তানকে নিয়ে মায়ের ঝাঁপ
৭৬ ঘণ্টা পর নিখোঁজ সন্তানের লাশ মিলেছে",family
বউ-শাশুড়ির বিষপানের পর শ্বশুরের আত্মহত্যার চেষ্টা,family
"ধর্ষণের ভিডিও ছড়ানোয় তরুণীর ‘আত্মহত্যা’, গ্রেপ্তার ইউপি সদস্য রিমান্ডে",family
"ধর্ষণের মামলা করায় ছড়ানো হলো অশ্লীল ভিডিও, তরুণীর ঝুলন্ত লাশ উদ্ধার",family
"যৌতুকের দাবিতে নির্যাতন
রাজস্থানে দুই শিশুসহ তিন বোনের আত্মহত্যা",family
"খুলনায় নারী চিকিৎসকের ঝুলন্ত মরদেহ উদ্ধার, আত্মহত্যায় প্ররোচনার অভিযোগে মামলা",family
অর্থ ও ক্ষমতার বলে হত্যাকাণ্ডকে আত্মহত্যা বলে চাপিয়ে দেওয়া হচ্ছে: ঢাবি ছাত্রী এলমার মা,family
শ্বশুরবাড়ি থেকে সদ্য বিবাহিত ব্যক্তির লাশ উদ্ধার,family
"মতামত
বিচার পাবে কি রবি ও অভিনাথ মারান্ডির পরিবার",family
"কবিরহাটে মা-মেয়ের লাশ উদ্ধার, ‘বিষপানে আত্মহত্যা’ বলছে পরিবার",family
মানিকগঞ্জে গৃহবধূর মৃত্যুর ঘটনায় আত্মহত্যার প্ররোচনার অভিযোগে মামলা,family
"ডিবির তদন্ত
মারপিট সহ্য করতে না পেরে আত্মহত্যা করেন ঢাবির ছাত্রী এলমা",family
"মতামত
আত্মহত্যা ‘মহামারি’ হয়ে উঠছে কেন",family
"কাঁদতে কাঁদতে কুয়েটছাত্র অন্তুর মা বলছিলেন, ‘আমার সব ফুরোয় গেল’",family
"সাভারে অটোরিকশা জব্দের পর চালকের আত্মহত্যা, দাবি পরিবারের",family
সিঙ্গাইরে মসজিদসংলগ্ন কক্ষ থেকে ইমামের ঝুলন্ত লাশ উদ্ধার,family
"মতামত
‘আমার মেয়ের আত্মহত্যার জন্য পরিবারকে দায়ী করবেন না’",family
আত্মহত্যায় প্ররোচনার অভিযোগে সৎমাসহ তিনজন গ্রেপ্তার,family
গোদাগাড়ীতে বিষপানে আরও এক ভাইয়ের মৃত্যু,family
চুয়াডাঙ্গায় মাদ্রাসাছাত্রীর আত্মহত্যায় প্ররোচনা মামলার আসামি গ্রেপ্তার,family
"লাইভে এসে সন্তানসহ আত্মহত্যার প্রস্তুতি, ৯৯৯–এ ফোন",family
মেয়েগুলো চোখের সামনে এভাবে মরে যাবে?,family
উল্লাপাড়ায় বাবা ও মেয়ের লাশ উদ্ধার,family
"কুষ্টিয়ায় শিশুর ঝুলন্ত লাশ উদ্ধারের ঘটনায় হত্যা মামলা, গ্রেপ্তার ১",family
"কুষ্টিয়া
সাত বছরের শিশুর লাশ ঝুলছিল ঘরের আড়ায়",family
করিমগঞ্জে নিজ বাড়ি থেকে গৃহবধূর ঝুলন্ত লাশ উদ্ধার,family
"ফেসবুকে ক্ষমা লিখে ঢাবি ছাত্রের স্ট্যাটাস, পরে ‘আত্মহত্যা’",family
"মতামত
সচ্ছল বনাম অসচ্ছল মানুষের আত্মহত্যা: একাকিত্বই কি মূল কারণ?",family
কথা বলার লোক পেলে হয়তো আত্মহত্যার পথ বেছে নিতেন না আবু মহসিন: অধ্যাপক কামাল চৌধুরী,family
‘মনের যত্নের শুরু ঘর থেকেই’,family
ফেসবুক লাইভে মাথায় গুলি চালিয়ে আত্মহত্যা,family
"গীতিকার রাসেল ও’নীলের ঝুলন্ত লাশ উদ্ধার, ঘরে ‘সুইসাইড নোট’",family
সুইসাইড নোটে কিশোরী লিখেছে ‘মেয়েরা শুধু মাতৃগর্ভ ও গোরে নিরাপদ’,family
"পরিবারের দাবি, মৃত্যুর আগে মেয়েটি লিখে গিয়েছিল চিরকুট",family
"মতামত
আমাদের আচরণ যেন মানসিক রোগীর রোগ আরও না বাড়ায়",family
সালমান শাহর মায়ের নারাজি আবেদন খারিজ,family
পিবিআইয়ের তদন্ত প্রতিবেদনে সালমান শাহর মায়ের নারাজি আবেদন,family
"সন্তান না হওয়ায় ‘খোঁটা’, ছাদ থেকে লাফিয়ে পড়ে নারীর মৃত্যু",family
"সন্তানসহ রেললাইনে নারী, সরিয়ে আনতেই অতিক্রম করল ট্রেন",family
"মতামত
তরুণের প্রাণ খেয়ে বাঁচা ‘সিস্টেম’ ও চুল কাটার মাস্টাররা",family
চাকরিটা আর পাওয়া হলো না ঢাবির সাবেক ছাত্র মাহাদীর,family
"কুষ্টিয়ায় বিছানায় শিশুর লাশ, রশিতে ঝুলছিলেন মা",family
"‘আমার ভেতরটা চুরমার হয়ে যাচ্ছে, আমার খুব খারাপ লাগছে’",family
বড় ভাইয়ের মৃত্যুর পর ছোট ভাইয়ের ‘আত্মহত্যা’,family
বিকেলে পুত্রবধূকে কুপিয়ে রাতে শ্বশুরের কীটনাশক পানে আত্মহত্যা,family
কিশোরীকে যৌন নির্যাতন ও আত্মহত্যায় প্ররোচনার মামলায় গ্রেপ্তার ১,family
"করোনা রোগীর লাশ উদ্ধার, ধারণা অমানবিক আচরণে ‘আত্মহত্যা’",family
নরসিংদীতে আবাসিক হোটেল মারা যাওয়া নারীর পরিচয় মিলেছে,family
সিনেমার আয় যাবে আত্মহত্যা প্রতিরোধ সংস্থায়,family
ময়নাতদন্তের জন্য মেয়ের লাশ কাঁধে ৭ ঘণ্টার পথ পাড়ি দিলেন বাবা,family
"হত্যা মামলা নিতে মোসারাতের ভাইয়ের আবেদন, বোন বললেন ‘খারাপ উদ্দেশ্য’",family
‘মোসারাতের হাতে লেখা ছয় ডায়েরি মামলার সবচেয়ে গুরুত্বপূর্ণ সাক্ষ্য’,family
"রাজবাড়ীর বালিয়াকান্দি
১৬ মাসে ৫৩ জনের আত্মহত্যা",family
টেক্সাসে বৃহস্পতিবার বাংলাদেশি পরিবারের ছয় সদস্যের দাফন,family
অপহরণের শিকার কিশোরীর বাড়িতে ফিরেই আত্মহত্যা,family
এক বছরে আত্মহত্যা করেছে ১৪ হাজারের বেশি মানুষ,family
"বন্ধ ঘরে ছাত্রীর ঝুলন্ত লাশ, বিছানায় মিলল ‘সুইসাইড নোট’",family
চাঁপাইনবাবগঞ্জে ইমামের ঝুলন্ত লাশ উদ্ধার,family
"এটি আমার শেষ পোস্ট, ঘোষণা দিয়ে টিকটক তারকার আত্মহত্যা",family
অরিত্রীর আত্মহত্যা: সাক্ষ্য দিলেন বাবার সহকর্মী,family
"মুক্তি পেয়েছে প্রয়াত অভিনেত্রীর শেষ ছবি, কাঁদলেন মা–বাবা",family
"হাসপাতালে কিশোরীর মৃত্যু, আত্মহত্যার প্ররোচনার অভিযোগে মামলা",family
মায়ের কাছে চিঠি লিখে কিশোরীর আত্মহত্যা,family
"ট্রেনের নিচে ঝাঁপ দিয়ে নারীর আত্মহত্যা, ছেলে–মেয়ে আহত",family
"এক কক্ষে বাবা, অন্য কক্ষে ছেলের ঝুলন্ত লাশ",family
"কিস্তির চাপে এক পরিবারের তিনজনের আত্মহত্যার চেষ্টা, অন্তঃসত্ত্বার মৃত্যু",family
জামালপুরে আত্মহত্যার প্ররোচনার মামলায় চিকিৎসক গ্রেপ্তার,family
"মতামত
হুতাশে মরলেন বেলারুশি, আমাদের তো কই মাছের প্রাণ",family
ছোট্ট মনে বড় কষ্ট নিয়ে চলে গেল মেয়েটি,family
সিডনি থেকে সালমানকে স্মরণ করলেন শাবনূর,family
মানিকগঞ্জে গৃহবধূর লাশ উদ্ধার,family
"অভিনেত্রীর মরদেহ উদ্ধার, মাথায় গুলির চিহ্ন",family
মা-বাবার কাছে ক্ষমা চেয়ে কিশোরীর ‘আত্মহত্যা’,family
"সৌদিতে বাংলাদেশি যুবকের ফাঁস লাগানো মরদেহ, পরিবার বলছে হত্যা",family
দুই শিশুকে হত্যার পর কেন আত্মহত্যা করলেন মা?,family
"মায়ের কাছে স্মার্টফোনের আবদার, কিনে না দেয়ায় কিশোরের আত্মহত্যা!",family
আত্মহত্যা করা সেই অবন্তিকার মৃত বাবাকে অধ্যক্ষ হিসেবে পদায়ন,family
"‘নিজের ইচ্ছায় কিছু করিনি, আমাকে বাধ্য করা হয়েছে’",family
"আত্মহত্যার আগে ইলন মাস্ক ও ট্রাম্পকে ট্যাগ করে পোস্ট, কী লিখে গেছেন সুভাষ?",family
গাইবান্ধায় নিজ ঘরে ঝুলছিল নবদম্পতির মরদেহ,family
সেবাগ্রহীতাদের ঘরে আটকে রেখে মারধরের অভিযোগ ইউপি চেয়ারম্যানের বিরুদ্ধে,family
ঝালকাঠিতে মাদ্রাসাছাত্রীর আত্মহত্যা,family
‘মিম তুমি এবং তোমার পরিবার জিতে গেছো’ লিখে আত্মহত্যা তনয়ের,family
বাবা শহীদ জসিমের কবরের পাশেই শায়িত হবেন লামিয়া,family
"ভারত / গাড়ির ভেতর ৬ মরদেহ, বাইরে থাকা সপ্তম ব্যক্তি বলেন ‘৫ মিনিটে আমিও মারা যাব!’",family
গাজীপুরে শ্রমিক-পুলিশ সংঘর্ষে আহত অর্ধশতাধিক,family
বিয়ে না করলে মেহেদীর বাড়িতেই আত্মহত্যা করবেন দুই সন্তানের মা!,family
আত্মহত্যা প্রতিরোধে ইসলামের সমাধান,family
অপমান-অভিমানে ধর্ষণের শিকার কিশোরীর আত্মহত্যা,family
"চুরির দায়ে সালিশে ছেলের জরিমানা, ক্ষোভে বাবার আত্মহত্যা",family
"কারাগারে হাজতির আত্মহত্যা, বরখাস্ত কারারক্ষী, দুজনের নামে মামলা",family
মোবাইল দেখতে না দেয়ায় অভিমানে মাদ্রাসাছাত্রের আত্মহত্যা,family
"এপ্রিলে ধর্ষণের শিকার ১১১ নারী ও মেয়েশিশু, হত্যা ৭০: মহিলা পরিষদ",family
প্রকাশ্যে এলো অভিনেত্রী হুমায়রা হিমুর মৃত্যু রহস্য,family
অপমান সইতে না পেরে বিষপানে নবদম্পতির আত্মহত্যা,family
জবি ছাত্রীর আত্মহত্যার প্ররোচনার মামলায় আটক তরুণ,family
মায়ের ওপর অভিমান করে মেয়ের আত্মহত্যা,family
আত্মহত্যা কোনো সমাধান নয়,family
চুরির অভিযোগে মারধরের পর যুবকের আত্মহত্যা,family
মায়ের ঝুলন্ত লাশের পাশে দুধের জন্য কাঁদছিল শিশু সন্তান,family
রেললাইনের পাশে পড়ে ছিল জুতা-ব্যাগ ও মেয়ের প্রিয় কেক,family
"বাবার ফোনে মেয়ের আপত্তিকর ছবি, লজ্জায় ‘আত্মহত্যা’ ২ সন্তানের জননীর",family
"কারাগারে কয়েদির আত্মহত্যা: ৩ কারারক্ষী বরখাস্ত, ৩ জনের বিরুদ্ধে মামলা",family
ওরা আমার মেয়ের জীবন বিষিয়ে তুলেছিল,family
ছেলেকে হত্যার পর বাবার আত্মহত্যা,family
স্মার্টফোন না পেয়ে মাদ্রাসাছাত্রের আত্মহত্যার অভিযোগ,family
পল্লবীতে ২ ছেলেকে হত্যার পর বাবার আত্মহত্যার চেষ্টা,family
দুই সন্তানের মুখে বিষ ঢেলে খেলেন নিজেও,family
বাবার বকুনিতে গলায় ফাঁস নিলেন অভিমানী তরুণী,family
"একসঙ্গে বিষপান, ছেলেটির মৃত্যু– মেয়েটির জীবনও শঙ্কায়",family
"তদন্ত প্রতিবেদনে কী আছে, জানতে চান অবন্তিকার মা",family
"মেয়েকে নিয়ে ট্রেনের নিচে ঝাঁপ দিলেন মা, প্রাণ গেল দু’জনেরই",family
"বহুতল ভবন থেকে পড়ে মালাইকার বাবার মৃত্যু, কী বলছে পুলিশ?",family
অপমানে ধর্ষণের শিকার তরুণীর আত্মহত্যা,family
অবন্তিকার আত্মহত্যা: আবারও আম্মানের জামিন না মঞ্জুর,family
সুষ্ঠু তদন্ত ও বিচারের দাবি জবি সমাজতান্ত্রিক ছাত্র ফ্রন্টের,family
চার মাসে আমিরাতে ১২ বাংলাদেশির আত্মহত্যা,family
বাবাকে মেসেজ পাঠিয়ে গায়ক-অভিনেতার আত্মহত্যা,family
"অপমানে মায়ের আত্মহত্যা, ছেলে পলাতক",family
মেয়েকে হত্যার পর অন্তঃসত্ত্বার আত্মহত্যা,family
জমি দখল উচ্ছেদ অপমান সইতে না পেরে আত্মহত্যা,family
"আত্মগোপনে থাকা বাবা রাতে ফেরেন বাসায়, সকালে দেখলেন ছেলের ঝুলন্ত লাশ",family
মায়ের সঙ্গে অভিমান করে ছেলের আত্মহত্যা,family
"‘ভালো থেক সবাই, সব শেষ আমার’ পোস্ট দিয়ে কিশোরের আত্মহত্যা",family
চ্যাটবট নির্মাতার বিরুদ্ধে মামলা করলেন এক কিশোরের মা,family
তরুণদের মানসিক বিকাশের অভাব,family
সমিতি মালিকের ‘আত্মহত্যা’ নেপথ্যে পাওনাদারের চাপ,family
ছেলে ঘরে ঢুকে দেখে মায়ের লাশ ঝুলছে,family
‘মৃত্যুর পর আমার লাশ যেন না কাটে’,family
সন্তানের মারধর সইতে না পেরে অভিমানে বাবার আত্মহত্যা,family
"চুরির অভিযোগে ছেলেকে জরিমানা, ক্ষোভে বাবার ‘আত্মহত্যা’",family
মানসিক স্বাস্থ্য সুরক্ষায়...,family
‘শাশুড়ির সঙ্গে ঝামেলা হয়েছে জানিয়ে’ ফাঁস নিল গৃহবধূ,family
রেললাইনে বাকপ্রতিবন্ধী বাবা ও শিশুকন্যার লাশ,family
‘মাইয়ারেও বাঁচাইতে পারলাম না’,family
"ঘরে গৃহবধূ ও তরুণের লাশ, ঘুমিয়ে দুই শিশু",family
অসুস্থ হয়ে হাসপাতালে সেই শহীদকন্যার মা-বোন,family
সকালে মেয়েকে ব্যথা জানানোর পর সন্ধ্যায় আত্মহত্যা,family
"মেয়েকে শ্বাসরোধে হত্যার পর মায়ের ‘আত্মহত্যা’, চিরকুট উদ্ধার",family
অবন্তিকার আত্মহত্যা: অপরাধীদের দৃষ্টান্তমূলক বিচার দাবিতে জবিতে মানববন্ধন,family
"শ্বশুরবাড়ির লোকজনের মারধরের শিকার হয়ে যুবকের আত্মহত্যার অভিযোগ, মামলা নেয়নি পুলিশ",family
"‘মা, আমার পাশেই রোকেয়ার কবর দিও’",family
অবন্তিকার আত্মহত্যা: জবিতে বাংলাদেশ মহিলা পরিষদের প্রতিবাদ সমাবেশ,family
ঘরে ঝুলছিল নারী পুলিশ কনস্টেবলের মরদেহ,family
ছেলের ঝুলন্ত লাশ নামিয়ে পুত্রবধূর মাথা ফাটালেন শ্বশুর,family
"চুরির অভিযোগে মারধর, কিশোরের আত্মহত্যা",family
অ্যান্ড্রয়েড ফোন কিনে না দেওয়ায় অভিমানে কিশোরের ‘আত্মহত্যা’,family
আত্মহত্যায় প্ররোচনার মামলা করলেন সেই চিকিৎসকের মা,family
"‘কীটনাশক পান করেছি, আমাকে বাঁচাও’",family
‘মৃত্যুর জন্য দায়ী আমার বড় বড় স্বপ্ন’,family
‘আত্মহনন ঠেকাতে যত্ন নিতে হবে মানসিক স্বাস্থ্যের’,family
মেয়েকে কবরে রেখে কীসের ঈদ!,family
পারিবারিক কলহের কারণে গৃহবধূর আত্মহত্যা,family
শাশুড়ির নির্যাতনে পীড়িত কনে বিষপান করল,family
পরিবারের অশান্তিতে বিষপান করল যুবক,family
গৃহবিবাদের জেরে গলায় ফাঁস দিলেন যুবতী,family
ভাইবোনের ঝগড়ার পরে আত্মহনন করল ছাত্র,family
বাবা-মায়ের অভাবনীয় চাপ সহ্য করতে না পেরে আত্মহত্যা,family
শ্বশুরবাড়ির সমস্যা থেকে মুক্তি পেতে গলায় দড়ি,family
পারিবারিক বিবাদের কারণে গৃহকর্তার আত্মহনন,family
সন্তানকে নিয়ে অভাবের তাড়নায় গৃহবধূর আত্মহত্যা,family
দাম্পত্য কলহের জেরে বিষপান করল স্বামী,family
পরিবারে নানা মতবিরোধের কারণে গৃহবধূর আত্মহত্যা,family
শাশুড়ির অত্যাচারে বিষপান করল বৌ,family
পারিবারিক চাপ থেকে মুক্তি পেতে যুবকের আত্মহত্যা,family
গৃহবিবাদের কারণে স্ত্রী গলায় দড়ি লাগিয়ে আত্মহনন,family
বাবা-মায়ের আদর না পাওয়ায় বিষপান করল কিশোর,family
ভাইয়ের নির্যাতনে কিশোরীর আত্মহনন,family
শ্বশুর-শাশুড়ির দারুন অত্যাচারে গৃহবধূর মৃত্যু,family
পারিবারিক অশান্তিতে বিষপান করল বৃদ্ধা,family
সন্তানদের প্রতি অভিভাবকের অতিরিক্ত চাপ সহ্য করতে না পেরে আত্মহনন,family
দাম্পত্য বিবাদের জেরে গৃহকর্ত্রীর আত্মহত্যা,family
গৃহবিবাদের কারণে যুবকের বিষপান,family
শাশুড়ির অত্যাচারে বিষপান করল নববধূ,family
পারিবারিক কলহ থেকে মুক্তি পেতে আত্মহত্যা করল মা,family
গৃহবিবাদে মানসিক চাপে যুবতী আত্মহনন,family
বাবা-মায়ের অবহেলায় কিশোরের আত্মহত্যা,family
ভাইবোনের দ্বন্দ্বে বিষপান করল কিশোরী,family
শ্বশুরবাড়ির ঝগড়ার জেরে গৃহবধূর আত্মহনন,family
পারিবারিক অশান্তিতে বৃদ্ধার আত্মহত্যা,family
সন্তানদের জন্য পারিবারিক চাপ সহ্য করতে না পেরে গৃহকর্তার আত্মহত্যা,family
দাম্পত্য কলহে বিষপান করল স্বামী,family
পরিবারের অভাবে যুবকের আত্মহত্যা,family
শাশুড়ির অত্যাচারে বিষপান করল বউ,family
গৃহবিবাদের চাপ থেকে মুক্তি পেতে গলায় দড়ি দিলেন যুবক,family
পারিবারিক কলহের জেরে গৃহবধূর আত্মহনন,family
বাবা-মায়ের অবহেলায় কিশোরের বিষপান,family
ভাইবোনের ঝগড়া সহ্য করতে না পেরে আত্মহত্যা করল কিশোরী,family
শ্বশুর-শাশুড়ির অত্যাচারে গৃহবধূর মৃত্যু,family
পারিবারিক অশান্তিতে বিষপান করল বৃদ্ধা,family
সন্তানদের জন্য পারিবারিক চাপ সহ্য করতে না পেরে গৃহকর্তার আত্মহত্যা,family
দাম্পত্য কলহের কারণে স্বামীর আত্মহত্যা,family
পরিবারের অভাবে গৃহকর্তার বিষপান,family
শাশুড়ির অত্যাচারে গৃহবধূর আত্মহনন,family
পারিবারিক কলহ থেকে মুক্তি পেতে যুবকের আত্মহত্যা,family
গৃহবিবাদের চাপ সহ্য করতে না পেরে যুবতী বিষপান,family
বাবা-মায়ের অবহেলায় কিশোরের আত্মহনন,family
ভাইবোনের দ্বন্দ্বে গৃহবধূর আত্মহত্যা,family
শ্বশুরবাড়ির ঝগড়ায় বিষপান করল গৃহকর্তা,family
পারিবারিক অশান্তিতে বৃদ্ধার আত্মহনন,family
সন্তানদের জন্য পারিবারিক চাপ সহ্য করতে না পেরে গৃহবধূর আত্মহত্যা,family
দাম্পত্য কলহে স্বামীর আত্মহনন,family
গৃহবিবাদের কারণে বিষপান করল মধ্যবয়স্ক গৃহিণী,family
শাশুড়ির অত্যাচারে হতাশা নিয়ে গলায় দড়ি দিল যুবতী,family
পারিবারিক কলহ থেকে মুক্তি পেতে বিষপান করল বৃদ্ধ,family
গৃহবিবাদে মানসিক চাপ সহ্য করতে না পেরে গৃহকর্তার আত্মহনন,family
বাবা-মায়ের অবহেলায় বিষপান করল কিশোর,family
ভাইবোনের ঝগড়ার কারণে আত্মহত্যা করল যুবক,family
শ্বশুরবাড়ির অবহেলায় গৃহবধূর বিষপান,family
পারিবারিক দ্বন্দ্বে বিষপান করল বৃদ্ধা মহিলা,family
সন্তানদের জন্য পারিবারিক চাপ সহ্য করতে না পেরে আত্মহনন করল গৃহকর্তা,family
দাম্পত্য কলহে বিষপান করল স্বামী,family
পরিবারের অভাবে গৃহবধূর আত্মহনন,family
শাশুড়ির অত্যাচারে গৃহকর্তার বিষপান,family
পারিবারিক কলহ থেকে মুক্তি পেতে গলায় দড়ি দিল যুবক,family
গৃহবিবাদের চাপ সহ্য করতে না পেরে গৃহকর্ত্রীর আত্মহত্যা,family
বাবা-মায়ের অবহেলায় কিশোরীর বিষপান,family
ভাইবোনের দ্বন্দ্বে গৃহবধূর আত্মহনন,family
শ্বশুরবাড়ির ঝগড়ায় বিষপান করল গৃহকর্তা,family
পারিবারিক অশান্তিতে বৃদ্ধার আত্মহনন,family
সন্তানদের জন্য পারিবারিক চাপ সহ্য করতে না পেরে গৃহবধূর আত্মহত্যা,family
দাম্পত্য কলহে স্বামীর আত্মহনন,family
পরিবারের অভাবে গৃহকর্তার বিষপান,family
শাশুড়ির অত্যাচারে গৃহবধূর আত্মহনন,family
পারিবারিক কলহ থেকে মুক্তি পেতে যুবকের আত্মহত্যা,family
গৃহবিবাদের চাপ সহ্য করতে না পেরে যুবতী বিষপান,family
বাবা-মায়ের অবহেলায় কিশোরের আত্মহনন,family
ভাইবোনের দ্বন্দ্বে গৃহবধূর আত্মহত্যা,family
শ্বশুরবাড়ির ঝগড়ায় বিষপান করল গৃহকর্তা,family
পারিবারিক অশান্তিতে বৃদ্ধার আত্মহনন,family
সন্তানদের জন্য পারিবারিক চাপ সহ্য করতে না পেরে গৃহবধূর আত্মহত্যা,family
দাম্পত্য কলহে স্বামীর আত্মহনন,family
পরিবারের অভাবে গৃহবধূর বিষপান,family
শাশুড়ির অত্যাচারে গৃহকর্তার আত্মহনন,family
পারিবারিক কলহ থেকে মুক্তি পেতে গলায় দড়ি দিল যুবক,family
গৃহবিবাদের চাপ সহ্য করতে না পেরে যুবতী বিষপান,family
বাবা-মায়ের অবহেলায় কিশোরীর আত্মহনন,family
ভাইবোনের দ্বন্দ্বে গৃহবধূর আত্মহত্যা,family
শ্বশুরবাড়ির ঝগড়ায় বিষপান করল গৃহকর্তা,family
পারিবারিক অশান্তিতে বৃদ্ধার আত্মহনন,family
সন্তানদের জন্য পারিবারিক চাপ সহ্য করতে না পেরে গৃহবধূর আত্মহত্যা,family
দাম্পত্য কলহে স্বামীর আত্মহনন,family
পরিবারের অভাবে গৃহকর্তার বিষপান,family
শাশুড়ির অত্যাচারে গৃহবধূর আত্মহনন,family
পারিবারিক কলহ থেকে মুক্তি পেতে গলায় দড়ি দিল যুবক,family
গৃহবিবাদের চাপ সহ্য করতে না পেরে যুবতী বিষপান,family
বাবা-মায়ের অবহেলায় কিশোরীর আত্মহনন,family
ভাইবোনের দ্বন্দ্বে গৃহবধূর আত্মহত্যা,family
শ্বশুরবাড়ির ঝগড়ায় বিষপান করল গৃহকর্তা,family
পারিবারিক অশান্তিতে বৃদ্ধার আত্মহনন,family
সন্তানদের জন্য পারিবারিক চাপ সহ্য করতে না পেরে গৃহবধূর আত্মহত্যা,family
দাম্পত্য কলহে স্বামীর আত্মহনন,family
ঋণের চাপে বিষপান করে আত্মহত্যা করলেন কৃষক,finance
ব্যাংকের ঋণ শোধ করতে না পেরে আত্মঘাতী ব্যবসায়ী,finance
আর্থিক দুরবস্থার কারণে গলায় ফাঁস দিল গৃহকর্তা,finance
টাকা ফেরত না পেয়ে হতাশ হয়ে আত্মহত্যা,finance
দেনার দুঃখে নিজ ঘরে আত্মহত্যা করলেন বৃদ্ধ,finance
ঋণগ্রস্ত হয়ে আত্মহননের পথ বেছে নিলেন দিনমজুর,finance
ব্যবসায় বড় ক্ষতির পর বিষপান করলেন মালিক,finance
এনজিওর কিস্তির টাকা দিতে না পেরে আত্মহত্যা,finance
দোকান বন্ধ হয়ে যাওয়ার পর আত্মহত্যা করলেন ব্যবসায়ী,finance
জমি বিক্রি করেও ঋণ শোধ করতে না পারায় আত্মঘাতী,finance
টাকার অভাবে সন্তানের চিকিৎসা করাতে না পেরে আত্মহত্যা,finance
মাস শেষে বেতন না পেয়ে মানসিক চাপে আত্মহনন,finance
ঋণের কিস্তি সময়মতো দিতে না পারায় আত্মহত্যা করলেন মহিলা,finance
ফসল বিক্রি করে লোকসানে পড়ে আত্মহত্যা করলেন কৃষক,finance
দালালদের কাছ থেকে ধার নিয়ে শোধ করতে না পেরে আত্মঘাতী,finance
আয় কমে যাওয়ায় দেনার চাপে আত্মহনন করলেন শ্রমিক,finance
ছেলেমেয়ের পড়াশোনার খরচ জোগাতে না পেরে আত্মহত্যা,finance
বাড়িভাড়া দিতে না পেরে বিষপান করলেন চাকরিজীবী,finance
বাজারে টাকা আটকে যাওয়ায় দেউলিয়া হয়ে আত্মঘাতী,finance
ব্যর্থ ব্যবসার চাপে আত্মহত্যা করলেন উদ্যোক্তা,finance
এনজিও কর্মীদের চাপ সহ্য করতে না পেরে আত্মহত্যা,finance
ঋণখেলাপি তকমায় আত্মসম্মান হারিয়ে আত্মহনন,finance
ব্যক্তিগত ঋণ পরিশোধে ব্যর্থ হয়ে গলায় ফাঁস,finance
টাকার জন্য আত্মীয়দের তিরস্কারে আত্মহত্যা,finance
পরিবারের উপার্জনের একমাত্র ব্যক্তি আত্মঘাতী,finance
কিস্তির চাপ ও বেকারত্বে বিষপান করলেন যুবক,finance
বন্ধুদের কাছ থেকে ধার নেওয়া টাকা শোধ না করতে পেরে আত্মহনন,finance
ক্রেতাদের বকেয়া না পেয়ে দোকানদারের আত্মহত্যা,finance
গরিবি ও ঋণের বোঝা সহ্য করতে না পেরে আত্মহত্যা,finance
কৃষি ঋণ মওকুফ না হওয়ায় আত্মঘাতী কৃষক,finance
বাজারে ব্যবসা মন্দা চলায় ব্যবসায়ীর আত্মহনন,finance
চাকরি চলে যাওয়ার পর ঋণের চাপে আত্মঘাতী,finance
দিনের পর দিন টাকার অভাবে সংসার চালাতে না পেরে আত্মহত্যা,finance
আর্থিক অনটনের কারণে সন্তানদের মুখে খাবার দিতে না পেরে আত্মহনন,finance
জমিজমা বিক্রি করেও ঋণ শোধ করতে না পেরে বিষপান,finance
স্বামী ঋণগ্রস্ত হওয়ায় গৃহবধূর আত্মহত্যা,finance
বেকারত্ব ও ঋণের চাপে মানসিক ভারসাম্য হারিয়ে আত্মহত্যা,finance
এনজিও কর্মীদের হুমকির জেরে আত্মহনন করলেন গ্রামবাসী,finance
জমিতে উৎপাদন খরচ না ওঠায় আত্মহত্যা করলেন কৃষক,finance
"ঋণ পরিশোধে বারবার সময় চাইতে গিয়ে অপমান, পরে আত্মহনন",finance
মোবাইল লোনের কিস্তি দিতে না পেরে আত্মহত্যা,finance
চিকিৎসা খরচ জোগাতে না পেরে পরিবারসহ আত্মহনন,finance
মাসে মাসে কিস্তির চাপে বিষপান করলেন বয়স্ক ব্যক্তি,finance
ব্যবসায়িক ক্ষতিতে পড়ে আত্মঘাতী যুবক,finance
ব্যাংকের ঋণের সুদ বেড়ে যাওয়ায় আত্মহনন,finance
মেয়ের বিয়ের খরচ জোগাতে না পেরে আত্মহত্যা করলেন বাবা,finance
আর্থিক কষ্টে স্কুল ফিস দিতে না পারায় ছেলেকে নিয়ে আত্মঘাতী মা,finance
ঋণের দায়ে গৃহবন্দি হয়ে আত্মহত্যা করলেন বৃদ্ধ,finance
ব্যবসার দেনায় স্ত্রী-স্বামী দুজনেই আত্মহনন করেন,finance
পাওনাদারের চাপ সহ্য করতে না পেরে আত্মহত্যা করল দিনমজুর,finance
ঋণ পরিশোধে ব্যর্থ হয়ে আত্মহত্যার পথ বেছে নিলেন দোকানদার,finance
কৃষি ঋণের কিস্তি দিতে না পেরে বিষপানে মৃত্যু,finance
বেতন না পাওয়ায় মানসিক চাপে আত্মহনন করলেন সরকারি কর্মচারী,finance
ব্যবসায় বন্ধ হওয়ার পর ঋণের চাপে আত্মহত্যা,finance
ঋণ খেলাপি হয়ে সামাজিক অনাদরে হতাশ যুবক আত্মঘাতী,finance
ঋণের বোঝা কমাতে না পেরে বিষপান করল গৃহিনী,finance
ফসলের দাম কম হওয়ায় ক্ষতিগ্রস্ত কৃষকের আত্মহত্যা,finance
ঋণ গ্রহীতাদের দৌরাত্ম্যে আত্মহত্যার সংখ্যা বেড়ে গেছে,finance
অর্থনৈতিক সঙ্কটে দোকানদারের বিষপান,finance
ঋণের টাকা ফেরত না পেয়ে আত্মহত্যার চেষ্টা করল ব্যবসায়ী,finance
আর্থিক সংকটের কারণে শিক্ষার্থী আত্মহত্যা করল,finance
ঋণের বোঝা সহ্য করতে না পেরে গৃহকর্তার আত্মহনন,finance
ব্যবসায়িক ক্ষতির পর বিষপান করলেন উদ্যোক্তা,finance
ঋণের কিস্তি দিতে না পেরে দুঃখে বিষপান করল দিনমজুর,finance
ঋণের বোঝা থেকে মুক্তি পেতে আত্মহত্যা করলেন কৃষক,finance
দোকান বিক্রি করেও ঋণ শোধ করতে না পেরে আত্মহনন,finance
ঋণগ্রস্ততায় মানসিক বিপর্যয়ে আত্মহত্যার ঘটনা বৃদ্ধি,finance
পরিবারের আর্থিক দুরবস্থা থেকে মুক্তি পেতে বিষপান,finance
ঋণ খেলাপির কারণে আত্মসম্মান হারিয়ে যুবকের আত্মহত্যা,finance
ঋণের দায়িত্ব চাপ থেকে মুক্তির চেষ্টা করেই আত্মহত্যা,finance
ঋণের চাপে কৃষকের বিষপান,finance
ঋণ শোধের চাপ সহ্য করতে না পেরে আত্মহনন করল গৃহবধূ,finance
"ব্যবসায়িক ক্ষতির ফলে মানসিক অবসাদ, আত্মহত্যা",finance
"ঋণ খেলাপির টাকার জন্য আত্মীয়দের সঙ্গে বিবাদ, আত্মহনন",finance
ঋণের দায়ে সইতে না পেরে বিষপান করল দিনমজুর যুবক,finance
ঋণমুক্তির জন্য গৃহকর্তার আত্মহত্যা,finance
ঋণের বোঝা সহ্য করতে না পেরে বিষপান করলেন কৃষক,finance
"ঋণের জন্য লোনদাতাদের চাপ, আত্মহত্যার ঘটনা বৃদ্ধি",finance
ঋণের দায়ে মানসিক চাপে কৃষকের আত্মহত্যা,finance
ঋণের চাপ ও দেউলিয়া হওয়ার ভয়ে আত্মহনন,finance
ঋণ খেলাপি হওয়ায় ব্যবসায়ীর আত্মহত্যা,finance
ঋণের দায় থেকে মুক্তি পেতে বিষপান করলেন গৃহিণী,finance
ঋণ শোধে ব্যর্থ হয়ে মানসিকভাবে বিপর্যস্ত যুবক আত্মহত্যা,finance
ঋণ পরিশোধের চাপ থেকে মুক্তি পেতে আত্মহত্যার ঘটনা বেড়েছে,finance
"ঋণের দায়ে মানসিক অবসাদ, আত্মঘাতী কৃষক",finance
ঋণ খেলাপি হওয়ার কারণে আত্মসম্মান হারিয়ে বিষপান,finance
ঋণ পরিশোধ করতে না পেরে আত্মহত্যার চেষ্টা,finance
ঋণের কিস্তি দিতে না পেরে বিষপান করল ব্যবসায়ী,finance
ঋণের বোঝা নিয়ে মানসিক চাপে গৃহকর্তার আত্মহত্যা,finance
ঋণ খেলাপি হওয়ায় আত্মহত্যার ঘটনা বেড়ে চলেছে,finance
ঋণ পরিশোধের চাপ সহ্য করতে না পেরে আত্মহনন করল কৃষক,finance
ঋণ খেলাপি হওয়ার ভয়ে আত্মহত্যার ঘটনা বৃদ্ধি পাচ্ছে,finance
ঋণের দায় থেকে মুক্তি পেতে গলায় দড়ি দিলেন ব্যবসায়ী,finance
ঋণ খেলাপি হওয়ায় বিষপান করল দিনমজুর,finance
ঋণ পরিশোধে ব্যর্থ হয়ে আত্মহত্যা করল গৃহবধূ,finance
"ঋণ খেলাপির জন্য আত্মীয়দের তিরস্কার, আত্মহনন",finance
ঋণ খেলাপি হওয়ার চাপ সহ্য করতে না পেরে বিষপান করল কৃষক,finance
ঋণের দায় থেকে মুক্তি পেতে আত্মহত্যার ঘটনা বাড়ছে,finance
ঋণ খেলাপি হওয়ার কারণে মানসিক চাপে আত্মহনন,finance
ঋণ পরিশোধে ব্যর্থ হয়ে বিষপান করলেন ব্যবসায়ী,finance
এসএসসি পরীক্ষায় ফেল করায় শিক্ষার্থীর আত্মহত্যা,academic
এইচএসসি রেজাল্ট খারাপ হওয়ায় বিষপান করল ছাত্রী,academic
পরীক্ষায় আশানুরূপ ফল না পেয়ে আত্মহত্যা,academic
পড়াশোনার চাপ সইতে না পেরে ছাত্রের আত্মহনন,academic
ফলাফল প্রকাশের পর কলেজছাত্রের আত্মহত্যা,academic
"মেধাবী শিক্ষার্থীর আত্মহত্যা, পরিবার বলছে পরীক্ষার চাপ",academic
বোর্ড পরীক্ষায় ফেল করায় গলায় ফাঁস নিল স্কুলছাত্রী,academic
রেজাল্ট খারাপ হওয়ায় বিষ খেয়ে আত্মহত্যা করল ছাত্র,academic
পরীক্ষায় ফেল করে পরিবারের বকুনিতে আত্মহনন,academic
এসএসসি রেজাল্টে সন্তুষ্ট না হয়ে আত্মহত্যা,academic
স্কুলে টানা খারাপ ফল করায় ছাত্র আত্মঘাতী,academic
এইচএসসি প্রস্তুতি নিতে নিতে মানসিক চাপে আত্মহত্যা,academic
শিক্ষকের বকাঝকায় আত্মহত্যা করল স্কুলছাত্রী,academic
ভর্তি পরীক্ষায় ব্যর্থ হয়ে আত্মহনন,academic
ক্লাসে পিছিয়ে পড়ায় গলায় দড়ি দিল কলেজছাত্র,academic
পড়াশোনার ব্যর্থতায় হতাশ হয়ে আত্মহত্যা,academic
রোল নম্বর হারিয়ে ফলাফল জানতে না পেরে আত্মহত্যা,academic
পরীক্ষার ভয় আর চাপে বিষপান করল শিক্ষার্থী,academic
টিউশনির চাপ ও পড়ালেখার কারণে আত্মহত্যা,academic
শিক্ষাপ্রতিষ্ঠানের মানসিক চাপে ছাত্রের মৃত্যু,academic
কোচিংয়ে অপমানিত হয়ে ছাত্রী আত্মহত্যা,academic
ফল খারাপ হওয়ায় বাবা-মায়ের叱责ে আত্মহত্যা,academic
একাধিক বিষয়ে ফেল করায় আত্মহনন করল ছাত্র,academic
পরীক্ষায় অনুত্তীর্ণ হওয়ার দুঃখে আত্মহত্যা,academic
পরীক্ষার পর অভিভাবকের চাপে আত্মঘাতী হলেন শিক্ষার্থী,academic
স্কুলে কম নম্বর পাওয়ায় বিষপান করল ছাত্রী,academic
পড়ার চাপে মানসিক ভারসাম্য হারিয়ে আত্মহত্যা,academic
বিশ্ববিদ্যালয়ে ভর্তি না হওয়ায় ছাত্রের আত্মহনন,academic
চূড়ান্ত পরীক্ষায় ব্যর্থ হয়ে গলায় ফাঁস,academic
শিক্ষক অপমান করায় আত্মঘাতী শিক্ষার্থী,academic
পরপর দুই বছর ফেল করায় আত্মহত্যা করল ছাত্র,academic
বোর্ড পরীক্ষার ফলাফলে হতাশ হয়ে আত্মহনন,academic
"পড়াশোনার জন্য পরিবার থেকে চাপ, আত্মহত্যা",academic
শিক্ষকের অভব্য আচরণে আত্মহত্যা করল ছাত্রী,academic
ক্লাস পরীক্ষায় খারাপ রেজাল্টে বিষপান,academic
টার্ম পরীক্ষায় খারাপ ফলাফলে আত্মহত্যা,academic
ভর্তি পরীক্ষায় বারবার ব্যর্থ হয়ে গলায় দড়ি,academic
বন্ধুদের সঙ্গে তুলনামূলক খারাপ ফল করায় আত্মহনন,academic
পরীক্ষার রেজাল্ট জেনে কান্নায় ভেঙে পড়ে আত্মহত্যা,academic
HSC রেজাল্টে A+ না পাওয়ায় ছাত্রের আত্মহনন,academic
ফলাফল নিয়ে পরিবারের কটাক্ষে আত্মহত্যা,academic
GPA কম হওয়ায় আত্মহত্যা করল মেধাবী ছাত্র,academic
রেজাল্ট প্রকাশের আগেই আতঙ্কে আত্মঘাতী ছাত্রী,academic
পরীক্ষায় অকৃতকার্য হওয়ার দুঃখে আত্মহনন,academic
চূড়ান্ত বর্ষের পরীক্ষায় ফেল করায় আত্মহত্যা,academic
ডিগ্রি পরীক্ষায় অনুত্তীর্ণ হয়ে বিষপান,academic
ফেল করার খবর পেয়ে ছাত্রের আত্মহত্যা,academic
ইউনিভার্সিটি ভর্তি পরীক্ষা পাশ করতে না পারায় আত্মহনন,academic
পড়াশোনায় হতাশ হয়ে নিজেকে শেষ করে দিল,academic
স্কুলে নম্বর কম পেয়ে আত্মঘাতী হল শিক্ষার্থী,academic
এইচএসসি পরীক্ষার খারাপ ফল শুনে নিজেকে শেষ করল ছাত্র,academic
পড়াশোনায় বারবার ব্যর্থতায় বিষ খেয়ে আত্মহত্যা,academic
সহপাঠীদের তুলনায় খারাপ ফল করায় মানসিক ভেঙে পড়া,academic
স্কুলে ফলাফল প্রকাশের দিনেই আত্মহত্যা করল শিক্ষার্থী,academic
ভর্তি পরীক্ষায় সফল না হওয়ায় আত্মঘাতী তরুণী,academic
একাধিকবার এসএসসি পরীক্ষায় ফেল করায় আত্মহনন,academic
পরীক্ষার খাতা ফেরত পাওয়ার পর মানসিক বিপর্যয়,academic
কলেজ রেজাল্টের চাপে বিষ খেয়ে আত্মহত্যা করল ছাত্র,academic
স্বপ্নের ইউনিভার্সিটিতে ভর্তি না হতে পারায় আত্মহনন,academic
অনার্স রেজাল্ট খারাপ হওয়ায় বিষপান,academic
"GPA কম হওয়ায় বন্ধুদের ট্রল, আত্মহত্যা ছাত্রী",academic
পড়াশোনার ব্যর্থতায় আত্মবিশ্বাস হারিয়ে আত্মহনন,academic
ইউনিভার্সিটি রেজাল্টে খারাপ নম্বর পেয়ে আত্মহত্যা,academic
পরীক্ষায় অনুত্তীর্ণ হওয়ায় আত্মঘাতী মেধাবী ছাত্র,academic
ফাইনাল পরীক্ষায় ফেল করে গলায় দড়ি দিলেন শিক্ষার্থী,academic
বিশ্ববিদ্যালয়ের চূড়ান্ত বর্ষে খারাপ ফল করায় আত্মহত্যা,academic
শিক্ষকের কটূক্তির শিকার হয়ে বিষ খেয়ে আত্মহনন,academic
একাধিক বিষয়ের পরীক্ষায় ফেল করায় মানসিক বিপর্যয়,academic
একাডেমিক ব্যর্থতায় আত্মহত্যা করল ছাত্রছাত্রী জুটি,academic
ভাইবায় খারাপ পারফর্ম করায় আত্মহনন করল ছাত্রী,academic
ফল প্রকাশের আগেই আতঙ্কে আত্মহত্যা করল ছাত্র,academic
স্কুলে নম্বর কম পাওয়ায় আত্মহত্যার পথ বেছে নিল ছাত্রী,academic
পড়ালেখার চাপে রাতে ঘুমাতে না পেরে আত্মহনন,academic
কোচিংয়ের অভ্যন্তরীণ পরীক্ষায় ফেল করে বিষপান,academic
"রেজাল্ট খারাপ শুনে বন্ধুদের এড়িয়ে চলত, পরে আত্মহত্যা",academic
অভিভাবকের উচ্চ প্রত্যাশা পূরণে ব্যর্থতায় আত্মহত্যা,academic
অঙ্ক পরীক্ষায় খারাপ করায় গলায় দড়ি দিল শিক্ষার্থী,academic
পিতামাতার বকাঝকা সহ্য করতে না পেরে আত্মহনন,academic
একাডেমিক ব্যর্থতার কারণে আত্মবিশ্বাস হারিয়ে আত্মঘাতী,academic
স্কুল ফাইনাল পরীক্ষায় টানা ফেল করায় বিষ খেয়ে আত্মহত্যা,academic
ভর্তির সুযোগ না পাওয়ায় মানসিক চাপে আত্মহত্যা,academic
"শিক্ষাপ্রতিষ্ঠানে খারাপ পারফরমেন্সের জন্য অপমান, আত্মহনন",academic
"GPA ৫ না পাওয়ায় বাবা-মায়ের কটাক্ষ, আত্মহত্যা",academic
সেশনজটে পড়ায় হতাশ হয়ে আত্মঘাতী ছাত্র,academic
পড়াশোনার পেছনে ব্যর্থতা দেখে আত্মহত্যার সিদ্ধান্ত,academic
প্রাইভেট টিউটরের অপমান সহ্য করতে না পেরে আত্মহত্যা,academic
ভর্তি পরীক্ষা নিয়ে চাপের কারণে আত্মহনন,academic
পরিবার থেকে লেখাপড়ার অতিরিক্ত চাপে আত্মহত্যা,academic
পরীক্ষার আগে মানসিক চাপ সহ্য করতে না পেরে আত্মহত্যা,academic
সহপাঠীদের তুলনায় পিছিয়ে থাকার কষ্টে আত্মহনন,academic
"একাডেমিক ব্যর্থতায় দীর্ঘদিনের হতাশা, শেষমেশ আত্মহত্যা",academic
স্কুল ফাইনাল পরীক্ষায় আশানুরূপ ফল না পেয়ে আত্মহত্যা,academic
পরীক্ষার ফল শোনার পরপরই আত্মহত্যা করে ছাত্র,academic
কলেজের ইন্টার্নাল পরীক্ষায় খারাপ ফল করায় বিষপান,academic
ফল প্রকাশের আগেই আত্মঘাতী হয়ে গেল শিক্ষার্থী,academic
অতিরিক্ত পড়ালেখার চাপ থেকে মুক্তি পেতে আত্মহত্যা,academic
টেস্ট পরীক্ষায় ফেল করায় আত্মহনন,academic
এসএসসি পরীক্ষার ফল শুনে আতঙ্কে আত্মহত্যা,academic
ভালো রেজাল্ট করতে না পারার ভয়েই আত্মহত্যা,academic
একাডেমিক জীবন নিয়ে হতাশা থেকেই আত্মঘাতী যুবক,academic
কয়েকবছরের প্রেমের সম্পর্ক থাকার পর হঠাৎই প্রেমিকা অন্য কাউকে বিয়ে করে ফেলায় মানসিকভাবে ভেঙে পড়ে তরুণটি আত্মহত্যার পথ বেছে নেয়।,relation
প্রেমিকের সঙ্গে ভবিষ্যৎ গড়ার স্বপ্ন দেখলেও পরিবার থেকে বারবার বাধা দেওয়ায় ছাত্রীটি দুঃখে এবং অপমানে নিজ ঘরে ফাঁস নিয়ে আত্মহত্যা করে।,relation
"কলেজে পড়াকালীন গড়ে ওঠা প্রেমের সম্পর্কটি শেষ পর্যন্ত বিবাহে রূপ নেয়নি, আর সেই আক্ষেপ থেকেই একমাত্র সন্তানকে রেখে বিষ খেয়ে আত্মহত্যা করলেন গৃহবধূ।",relation
দীর্ঘ তিন বছরের প্রেমে থাকা সত্ত্বেও প্রেমিক প্রতিশ্রুতি ভঙ্গ করে অন্যত্র বিয়ে করায় মানসিক যন্ত্রণা সহ্য করতে না পেরে আত্মহননের পথ বেছে নেন তরুণী।,relation
"পরকীয়া সম্পর্কের জেরে সংসারে কলহ বেড়ে যাওয়ায় স্বামী-স্ত্রীর মধ্যে সম্পর্ক ভেঙে যায়, আর সেই দুঃখে নিজের রুমে আত্মহত্যা করেন স্ত্রী।",relation
সামাজিকভাবে বিয়ে না করতে পারার হতাশা এবং প্রেমিকের অবহেলায় মানসিকভাবে বিপর্যস্ত হয়ে পড়া এক ছাত্রী আত্মহত্যা করে নিজের ঘরে।,relation
প্রেমিকা দীর্ঘদিন প্রেম করার পর হঠাৎ করে সম্পর্ক ছিন্ন করে ফেলায় কষ্টে কষ্টে দিন পার করা তরুণটি একদিন রেল লাইনের পাশে মৃত অবস্থায় পাওয়া যায়।,relation
ভালোবাসার মানুষটি প্রতিনিয়ত সন্দেহ করতো বলে মানসিক যন্ত্রণা সইতে না পেরে এক পর্যায়ে গলায় ফাঁস দিয়ে আত্মহত্যা করেন যুবতী।,relation
প্রেমের সম্পর্কের কথা পরিবারে জানানোয় দুজনের পরিবার থেকেই বিরোধ দেখা দেয় এবং সেই চাপ নিতে না পেরে প্রেমিক-প্রেমিকা দুজনই বিষপান করেন।,relation
"একে অপরকে ভালোবেসে সাত বছর পার করলেও শেষপর্যন্ত ধর্মীয় এবং সামাজিক বাধার কারণে তাদের বিয়ে সম্ভব হয়নি, আর এই অপূর্ণতাই এক তরুণকে আত্মহত্যায় বাধ্য করে।",relation
প্রেমে ব্যর্থ হয়ে কলেজছাত্রের আত্মহত্যা,relation
প্রেমিকার সঙ্গে ঝগড়ার পর গলায় ফাঁস দিল যুবক,relation
পরকীয়া সম্পর্কে জড়িয়ে প্রাণ দিল গৃহবধূ,relation
বিয়ে না হওয়ায় বিষ খেয়ে আত্মহত্যা করল তরুণী,relation
প্রেমে প্রতারণার শিকার হয়ে আত্মহত্যা করল যুবক,relation
সম্পর্ক ভেঙে যাওয়ার পর আত্মঘাতী হলেন ছাত্রী,relation
প্রেমের সম্পর্ক নিয়ে পারিবারিক অশান্তিতে আত্মহত্যা,relation
প্রেমিক বিয়েতে রাজি না হওয়ায় আত্মহত্যা করল তরুণী,relation
ভালোবাসার সম্পর্ক শেষ হওয়ায় গলায় দড়ি দিলেন যুবক,relation
প্রেমিকা পরকীয়া করছিল জানার পর বিষপান করল যুবক,relation
সম্পর্কের টানাপোড়েনে হতাশ হয়ে আত্মহত্যা,relation
প্রেমিক অন্যত্র বিয়ে করায় আত্মহত্যা করল স্কুলছাত্রী,relation
দীর্ঘদিনের প্রেমিকের সঙ্গে বিচ্ছেদের পর আত্মহনন,relation
প্রেমিকা সম্পর্ক ছিন্ন করায় ট্রেনের নিচে ঝাঁপ দিল তরুণ,relation
প্রেমে প্রত্যাখ্যানের জেরে ছাত্রী আত্মহত্যা করে,relation
পরকীয়া সন্দেহে স্ত্রী আত্মহত্যা করল,relation
প্রেমিকের অবহেলায় গলায় ফাঁস দিয়ে আত্মহত্যা,relation
প্রেমঘটিত কারণে বিষ খেয়ে আত্মহত্যা করল কলেজছাত্র,relation
প্রেমিক বিয়ের প্রতিশ্রুতি না রাখায় আত্মহনন,relation
সম্পর্কের জটিলতায় বিষপানে মৃত্যু,relation
ভালোবাসার সম্পর্ক ভেঙে যাওয়ায় আত্মঘাতী তরুণী,relation
প্রেমিকের সঙ্গে দেড় বছরের সম্পর্কের পর আত্মহত্যা,relation
প্রেমিকা চলে যাওয়ার পর মানসিক বিপর্যয়ে আত্মহত্যা,relation
বিয়ের আগের রাতে প্রেমিকের আত্মহত্যা,relation
"পরকীয়ার কারণে দাম্পত্যে অশান্তি, স্ত্রীর আত্মহত্যা",relation
প্রেমে ব্যর্থ হয়ে ছাত্রী গলায় ফাঁস নেয়,relation
প্রেমিকের বিয়ের খবরে বিষ খেয়ে আত্মহত্যা,relation
প্রেমের সম্পর্ক প্রকাশ পেয়ে আত্মহত্যা করল প্রেমিক যুগল,relation
প্রেমঘটিত কারণে ফাঁস লাগিয়ে মৃত্যু,relation
বিয়ে নিয়ে দ্বিধায় আত্মহত্যা করল তরুণী,relation
প্রেমে প্রত্যাখ্যাত হয়ে নিজেকে শেষ করে দিল যুবক,relation
প্রেমিকা অন্য ছেলের সঙ্গে সম্পর্ক করলে বিষপান,relation
সম্পর্ক রাখতে না পেরে আত্মঘাতী হলেন ছাত্রী,relation
প্রেমে প্রতারণা সইতে না পেরে আত্মহত্যা,relation
পরকীয়া ফাঁস হওয়ায় আত্মহত্যা করলেন গৃহবধূ,relation
সম্পর্ক নিয়ে পরিবার থেকে চাপের ফলে আত্মহনন,relation
প্রেমিকের বিয়েতে না করায় আত্মঘাতী হলেন ছাত্রী,relation
প্রেমিক প্রতিশ্রুতি ভেঙে অন্যত্র বিয়ে করায় আত্মহত্যা,relation
ভালোবাসার মানুষকে হারিয়ে আত্মহত্যা,relation
প্রেমিকের অবহেলা সহ্য করতে না পেরে মৃত্যু,relation
প্রেমে ব্যর্থ হয়ে বিষপান করল স্কুলছাত্রী,relation
দীর্ঘ সম্পর্কের পর বিয়ে না হওয়ায় আত্মহত্যা,relation
সম্পর্ক গোপন থাকায় মানসিক চাপে আত্মহত্যা,relation
পরকীয়া সম্পর্ক থেকে মুক্তি পেতে আত্মহনন,relation
প্রেমে প্রত্যাখান পেয়ে কলেজছাত্রের আত্মহত্যা,relation
সম্পর্কের জটিলতায় তরুণীর আত্মহত্যা,relation
প্রেমিকের প্রতারণায় ফাঁস লাগিয়ে আত্মহনন,relation
প্রেমে ব্যর্থতায় ছাত্র আত্মহত্যা করল,relation
বিয়ের চাপ সহ্য করতে না পেরে আত্মঘাতী হলেন প্রেমিক,relation
প্রেমিকের বিয়ে দেখে বিষ খেয়ে মৃত্যু,relation
প্রেমিকের সঙ্গে ঝগড়ার পর আত্মহত্যা করল তরুণী।,relation
প্রেমিকা বিয়ে না করায় বিষ খেয়ে মরল যুবক।,relation
ভালোবাসার ব্যর্থতায় কলেজছাত্রের আত্মহত্যা।,relation
পরকীয়া ফাঁস হওয়ায় স্ত্রীর আত্মহনন।,relation
প্রেমিককে বিয়ে করতে না পেরে আত্মহত্যা করল ছাত্রী।,relation
প্রেমঘটিত কারণে গলায় ফাঁস নিল তরুণ।,relation
ডিভোর্সের পর হতাশ হয়ে আত্মহত্যা।,relation
প্রেমিকের অবহেলায় বিষপানে মৃত্যু।,relation
প্রেমিকা অন্যজনকে বিয়ে করায় আত্মহত্যা।,relation
সম্পর্ক ভেঙে যাওয়ায় জীবনের অবসান।,relation
পরকীয়ায় জড়িয়ে আত্মহত্যা করল গৃহবধূ।,relation
ভালোবাসার প্রতারণায় আত্মঘাতী তরুণ।,relation
বিয়ের প্রতিশ্রুতি ভেঙে প্রেমিক আত্মঘাতী।,relation
প্রেমে প্রত্যাখ্যান পেয়ে বিষপানে মৃত্যু।,relation
সম্পর্কের জটিলতায় আত্মহত্যা করল যুবতী।,relation
প্রেমিকের সঙ্গে ঝগড়ার পর গলায় দড়ি।,relation
প্রেমিকা ছেড়ে চলে যাওয়ায় আত্মহত্যা।,relation
দীর্ঘদিনের সম্পর্ক ছিন্ন করে আত্মহনন।,relation
"প্রেমে প্রতারণা করে চলে গেল প্রেমিকা, আত্মহত্যা যুবকের।",relation
পরকীয়া নিয়ে স্বামীর সঙ্গে ঝগড়ায় প্রাণ দিলেন গৃহবধূ,relation
সাবেক স্ত্রীকে ছুরিকাঘাতে হত্যার পর প্রবাসী স্বামীর আত্মহত্যা,relation
দম্পতির মধ্যে পারিবারিক কলহ আত্মহত্যা,relation
শাহজাদপুর ঋণের টাকা পরিশোধ করতে না পেরে আত্মহত্যা,finance
"দুর্গাপুরে স্ত্রীর সাথে বিচ্ছেদের পরে, গলায় ফাঁস দিয়ে আত্মহত্যা",relation
চিন্তায় বিষন্নতায় গলায় ফাঁস লাগিয়ে এক যুবক আত্মহত্যা,family
প্রেমিকাকে কুপিয়ে হত্যার পর প্রেমিকের আত্মহত্যা,relation
"এসএসসি পরীক্ষার ফল, ৫ শিক্ষার্থীর লাশ উদ্ধার",academic
প্রেমিকার বিয়ের খবর শুনে গলায় ফাঁস নিল কিশোর,relation
‘মা আমি চুরি করিনি’— নোট লিখে চিরবিদায় নিলো ছেলে,family
পারিবারিক কলহের জেরে এক শিক্ষার্থীর আত্মহত্যার অভিযোগ পাওয়া গেছে।,family
"শারীরিক অবস্থা, দারিদ্র্য ও প্রতিবন্ধকতা নিয়ে দুই মেয়েকে হত্যার পর আত্মহত্যার চেষ্টা বাবার",finance
পড়াশোনার চাপে ‘ক্লান্ত আমি’ লিখে মেডিকেল কলেজছাত্রের আত্মহত্যা,academic
পা্রিবারিক কলহের জেরে কামরাঙ্গীরচরে জানালা দিয়ে লাফিয়ে পড়ে যুবকের মৃত্যু,family
সুইসাইড নোট লিখে শিক্ষার্থীর আত্মহত্যা,academic
মুগদায় দশম শ্রেণির শিক্ষার্থীর মৃত্যু,academic
ভাড়া বাসায় খুবি শিক্ষার্থীর আত্মহত্যা,academic
"কোলের সন্তানকে ছিনিয়ে নিল সাবেক স্বামীর পরিবার, গৃহবধূর আত্মহত্যা",family
ঋণের চাপে বিধবা নারীর আত্মহত্যা,finance
স্ত্রী বাড়ি না ফেরায় অভিমানে গলায় ফাঁস নিলেন স্বামী!,relation
মগবাজারের কলেজ শিক্ষার্থীর আত্মহত্যা,academic
"পালিয়ে বিয়ে করল মেয়ে, দুঃখ-কষ্টে নিজেকে শেষ করে দিলেন বাবা",family
বাবা-মায়ের ব্যর্থ সন্তান হিসেবে ফেসবুক পোস্ট দিয়ে এক তরুণীর আত্মহত্যা,family
গাজীপুরে স্ত্রী-সন্তানকে হত্যার পর স্বামীর আত্মহত্যা,family
ঋণের বোঝা সইতে না পেরে আত্মহত্যার চেষ্টা স্বর্ণ ব্যবসায়ীর,finance
"ঢাবি ছাত্রীর আত্মহত্যার ঘটনা প্রেমঘটিত, আটক শিক্ষার্থী বুটেক্সের",relation
নেশার টাকা না পেয়ে যুবকের আত্মহত্যা,finance
শ্বশুরের কাছে টাকা চেয়ে না পেয়ে কিশোরের আত্নহত্যা,finance
কিস্তির টাকা শোধ করতে না পেরে দর্জি দোকানির আত্মহত্যা,finance
প্রেমিকের আত্মহত্যার খবরে প্রাণ দিলেন প্রেমিকা,relation
রামপুরায় পারিবারিক কলহের জেরে যুবকের আত্মহত্যা,family
পরীক্ষার ফি দিতে না পারায় হল থেকে বের করে দেওয়ায় এক শিক্ষার্থী আত্মহত্যা করেছে,finance
"টেস্ট পরীক্ষায় ৮ বিষয়ে ফেল, ফাঁস নিলো স্কুলছাত্রী",academic
বাবা-মায়ের মধ্যে সম্পর্কের ফাটলের কারণে চিরকুটে ‘আমি ব্যর্থ একজন মানুষ’ লিখে চবি শিক্ষার্থীর আত্মহত্যা,family
জুয়ায় নিঃস্ব হয়ে ২১ দিনের শিশুকে রেখে লাইভে নারীর আত্মহত্যা,finance
জিপিএ-৫ না পেয়ে প্রধান শিক্ষকের মেয়ের আত্মহত্যা!,academic
এসএসসিতে ফেল করায় ছাত্রীর আত্মহত্যা,academic
সুদের টাকা দিতে না পেরে রিকশাচালকের আত্মহত্যা,finance
পরীক্ষা খারাপ হওয়ায় গলায় ফাঁস দিয়ে আত্মহত্যা করেছেন এক শিক্ষার্থী,academic
"প্রেমিকের সঙ্গে ঝগড়া, নদে ডুবে স্কুলছাত্রীর আত্মহত্যার চেষ্টা",relation
পরীক্ষা খারাপ হওয়ায় এইচএসসি পরীক্ষার্থীর ঝুলন্ত মরদেহ উদ্ধার,academic
এইচএসসি পরীক্ষায় দিতে পারবে না ভেবে শিক্ষার্থীর আত্মহত্যা!,academic
"ঋণ নিয়ে স্বামী প্রবাসে, পাওনাদারের চাপে ফাঁস নিলেন স্ত্রী",finance
"হবিগঞ্জে দুই সন্তানকে নিয়ে ঋণগ্রস্ত বাবার বিষপান, তিনজনের মৃত্যু",finance
"প্রেমে জড়িয়ে প্রতারণার শিকার, ‘আমার জীবনের মূল্য নেই’ লিখে চিরতরে চলে গেল কিশোরী",relation
"ঋণের কিস্তি আদায়ে চাপ, বেতনের টাকাও কাটা হচ্ছিল, ঋণদান প্রতিষ্ঠান কর্মীর ঝুলন্ত লাশ",finance
"স্বামীর দ্বিতীয় বিয়ে, মেয়েকে হত্যার পর অন্তঃসত্ত্বা মায়ের ‘আত্মহত্যা’",family
যমজ দুই সন্তানকে ভিডিও কলে রেখে প্রবাসী বাবার আত্মহত্যা,family
"চার মাসের মেয়েকে বিষ খাইয়ে নিজে খেয়ে আত্মহত্যা করলেন মা , দুজনের মৃত্যু",family
করোনাকালিন আর্থিক সংকটে মা–ছেলের আত্মহত্যা,finance
ঋণের চাপে হার্ডওয়্যার ব্যবসায়ীর আত্মহত্যা,finance
ট্রাক চালকের গাড়ি নষ্ট হয়ে আয় বন্ধে আত্মহত্যা,finance
"আর্থিক সংকট ও পারিবারিক জটিলতায় ৮ জন কীটনাশক পান, ২ জনের মৃত্যু",finance
শেয়ারবাজারে পুঁজি হারিয়ে বিনিয়োগকারীর আত্মহত্যা,finance
এনজিও ঋণের চাপে আত্মহনন,finance
কৃষিঋণে ডুবে গিয়ে আত্মহত্যা।,finance
ট্রাক চালকের গাড়ি নষ্ট হয়ে আয় বন্ধে আত্মহত্যা,finance
কৃষিজমিতে আয়ের চেয়ে ব্যয় বেশি হওয়ায় আত্মহত্যা।,finance
আর্থিক সংকট এবং স্ত্রীর অনুপস্থিতিতে দিনমজুরের আত্মহত্যা,finance
লোনে কেনা অটো নষ্ট হওয়ায় হতাশায় আত্মহনন,finance
করোনায় লকডাউনে চাকরি হারিয়ে এক যুবকের আত্মহনন,finance
ফেসবুক পোস্টে আর্থিক দীনতার কথা জানান দিয়ে সাংবাদিকের আত্মহত্যা,finance
একাডেমিক চাপে আত্মহত্যা।,academic
মায়ের সাথে পড়াশোনা নিয়ে ঝগড়ার পর গলায় ফাঁস।,academic
"এসএসসি প্রস্তুতিতে চাপ, অভিমানে ফাঁস।",academic
পরীক্ষার খারাপ ফলাফলে গলায় ফাঁস।,academic
ভর্তি পরীক্ষা অনুত্তীর্ণ হওয়ায় আত্মহনন।,academic
সেশনজট ও পড়াশোনার অবহেলায় আত্মহত্যা।,academic
কোচিং ব্যর্থতায় মানসিক চাপে আত্মহনন,academic
অনলাইন ক্লাসের চাপ ও হতাশা।,academic
বাবা-মায়ের পড়াশোনার চাপে আত্মহত্যা।,academic
করোনায় অনলাইন ক্লাসের জন্য ফোন কিনে না দেওয়ায় আত্মহত্যা,academic
বই না পাওয়ায় আত্মহনন।,academic
প্রেমিকের অন্যত্র বিবাহের খবর নিয়ে অভিমানে ঝুলন্ত লাশ উদ্ধার,relation
প্রেমে ব্যর্থ হয়ে লাইভে এসে গলায় ফাঁস,relation
প্রেমের টানাপড়েনে ফাঁস দিয়ে আত্মহত্যা,relation
সন্তানবিহীন প্রেমের জটিলতায় অভিমানে আত্মহনন,relation
"সৌদি প্রবাসী প্রেমিকের প্রেম-বিবাদ, অভিমানে আত্মহনন",relation
কলেজ প্রেমে ব্যর্থতার দরুন কলেজছাত্রের আত্মহত্যা,relation
প্রেমপ্রস্তাবে প্রত্যাখ্যাত হয়ে তীব্র অভিমানে গায়ে আগুন ঢেলে তরুনির আত্মহত্যা,relation
প্রেমিকার অন্যত্র বিবাহে অভিমানে আত্মহত্যা,relation
বিবাহ বিচ্ছেদের সূত্রে হতাশায় আত্মহত্যা,relation
প্রেমিকা ব্লক দেওয়ায় মানসিকভাবে ভেঙে আত্মহত্যা,relation
বিয়ের আগেই প্রেমিকা ছেড়ে যাওয়ায় আত্মহত্যা।,relation
প্রেমিকের প্রতারণায় গলায় ফাঁস,relation
মুঠোফোনে কল নিয়ে পারিবারিক কলহে স্বামী–স্ত্রীর একসঙ্গে আত্মহত্যা,family
ঋণ সংক্রান্ত পারিবারিক ঝামেলায় স্বামী–স্ত্রীর একসঙ্গে বিষপান,family
শাশুড়ির গালাগালিতে বউয়ের গলায় ফাঁস।,family
কলহ ও ঋণের বোঝায় মশিন ব্যবসায়ী ও স্ত্রী ও মেয়ে আত্মহত্যা,family
পারিবারিক নির্যাতনে গৃহবধূর আত্মহত্যা,family
স্বামীর বাড়ি ফিরে যেতে জোর করায় বাবার বাড়িতেই মেয়ের আত্মহত্যা,family
ইদে পাখি ড্রেস কিনে না দেওয়ায় বাবার সাথে অভিমান করে কিশোরির আত্মহত্যা,family
স্বামীর প্রতি অভিমান করে স্ত্রীর আত্মহত্যা।,family
মা-বাবার মধ্যে বিবাদের কারণে মেয়ের গলায় ফাঁস,family
পরিবারের চাপ সহ্য না করতে পেরে আত্মহনন।,family
মায়ের মৃত্যুর পর মানসিক বিমর্ষতায় ছেলের আত্মহত্যা করেন,family
বউয়ের সাথে অভিমান করে অভিনেতার আত্মহত্যা,family
ছেলেকে হত্যার পর বাবার আত্মহত্যা,family
প্রেমঘটিত কারণে মেস থেকে খুলনা বিশ্ববিদ্যালয়ের শিক্ষার্থীর ঝুলন্ত লাশ উদ্ধার,relation
